Workbook

Sheet Contents
B2: Databook entries
B3: facility | C3: List the study site / facility. Example Code Name format: facility_1, Display Name format: Facility 1
B4: emission sources | C4: List the emission sources. Example Code Name format: emission_1, Display Name format: Emission 1
B5: emission data | C5: The first row and column of this table get updated automatically. Fill the table with the emission data for each facility.
B7: Program book entries
B8: interventions | C8: List the mitigation interventions. Example Code Name format: intervention_1, Display Name format: Intervention 1
B9: exclusions | C9: List any combinations of interventions that should not appear together in a scenario
B10: emission targets | C10: The first row and column of this table get updated automatically. Fill the table with 'y' where an intervention targets a specific emission source. Leave other cells blank.
B11: effect sizes | C11: The first row and column of this table get updated automatically. Specify the effect sizes of the interventions (if an intervention reduces emissions from a specific source by 80%, then effect size = 0.80).
B12: implementation costs | C12: The first row and column of this table get updated automatically. Specify the total cost of implementing the interventions to reach full coverage for each facility.
B13: maintenance costs | C13: The first row and column of this table get updated automatically. Specify the total (yearly) cost of maintaining the interventions at full coverage for each facility.

Sheet facility
A1: Code Name | B1: Display Name
A2: Mt_Darwin | B2: Mt Darwin District Hospital

Sheet emission sources
A1: Code Name | B1: Display Name
A2: Grid_Electricity | B2: Grid Electricity ( Excluding Heating & Lighting)
A3: Lighting | B3: Lighting
A4: Heating | B4: Heating
A5: Building_Energy | B5: Building energy
A6: Vehicle_Fuel_Owned | B6: Vehicle Fuel (Owned Vehicles)
A7: Business_Travel | B7: Business travel (Taxi, Car hires, Train, Air travel, Local bus)
A8: Anaesthetic_Gases | B8: Anaesthetic gases
A9: Refrigeration_Gases | B9: Refrigerants
A10: Medical_Inhalers | B10: Inhalers
A11: Waste_Management | B11: Waste
A12: Contactor_logistics | B12: Contractor Logistics

Sheet emission data
A1: facilities | B1: =IF('emission sources'!$A2<>"",'emission sources'!$A2,"") -> Grid_Electricity | C1: =IF('emission sources'!$A3<>"",'emission sources'!$A3,"") -> Lighting | D1: =IF('emission sources'!$A4<>"",'emission sources'!$A4,"") -> Heating | E1: =IF('emission sources'!$A5<>"",'emission sources'!$A5,"") -> Building_Energy | F1: =IF('emission sources'!$A6<>"",'emission sources'!$A6,"") -> Vehicle_Fuel_Owned | G1: =IF('emission sources'!$A7<>"",'emission sources'!$A7,"") -> Business_Travel | H1: =IF('emission sources'!$A8<>"",'emission sources'!$A8,"") -> Anaesthetic_Gases | I1: =IF('emission sources'!$A9<>"",'emission sources'!$A9,"") -> Refrigeration_Gases | J1: =IF('emission sources'!$A10<>"",'emission sources'!$A10,"") -> Medical_Inhalers | K1: =IF('emission sources'!$A11<>"",'emission sources'!$A11,"") -> Waste_Management | L1: =IF('emission sources'!$A12<>"",'emission sources'!$A12,"") -> Contactor_logistics | M1: =IF('emission sources'!$A13<>"",'emission sources'!$A13,"") | N1: =IF('emission sources'!$A14<>"",'emission sources'!$A14,"") | O1: =IF('emission sources'!$A15<>"",'emission sources'!$A15,"") | P1: =IF('emission sources'!$A16<>"",'emission sources'!$A16,"") | Q1: =IF('emission sources'!$A17<>"",'emission sources'!$A17,"") | R1: =IF('emission sources'!$A18<>"",'emission sources'!$A18,"") | S1: =IF('emission sources'!$A19<>"",'emission sources'!$A19,"") | T1: =IF('emission sources'!$A20<>"",'emission sources'!$A20,"") | U1: =IF('emission sources'!$A21<>"",'emission sources'!$A21,"") | V1: =IF('emission sources'!$A22<>"",'emission sources'!$A22,"") | W1: =IF('emission sources'!$A23<>"",'emission sources'!$A23,"") | X1: =IF('emission sources'!$A24<>"",'emission sources'!$A24,"") | Y1: =IF('emission sources'!$A25<>"",'emission sources'!$A25,"") | Z1: =IF('emission sources'!$A26<>"",'emission sources'!$A26,"") | AA1: =IF('emission sources'!$A27<>"",'emission sources'!$A27,"") | AB1: =IF('emission sources'!$A28<>"",'emission sources'!$A28,"") | AC1: =IF('emission sources'!$A29<>"",'emission sources'!$A29,"") | AD1: =IF('emission sources'!$A30<>"",'emission sources'!$A30,"") | AE1: =IF('emission sources'!$A31<>"",'emission sources'!$A31,"") | AF1: =IF('emission sources'!$A32<>"",'emission sources'!$A32,"") | AG1: =IF('emission sources'!$A33<>"",'emission sources'!$A33,"") | AH1: =IF('emission sources'!$A34<>"",'emission sources'!$A34,"") | AI1: =IF('emission sources'!$A35<>"",'emission sources'!$A35,"") | AJ1: =IF('emission sources'!$A36<>"",'emission sources'!$A36,"") | AK1: =IF('emission sources'!$A37<>"",'emission sources'!$A37,"") | AL1: =IF('emission sources'!$A38<>"",'emission sources'!$A38,"") | AM1: =IF('emission sources'!$A39<>"",'emission sources'!$A39,"") | AN1: =IF('emission sources'!$A40<>"",'emission sources'!$A40,"") | AO1: =IF('emission sources'!$A41<>"",'emission sources'!$A41,"") | AP1: =IF('emission sources'!$A42<>"",'emission sources'!$A42,"") | AQ1: =IF('emission sources'!$A43<>"",'emission sources'!$A43,"") | AR1: =IF('emission sources'!$A44<>"",'emission sources'!$A44,"") | AS1: =IF('emission sources'!$A45<>"",'emission sources'!$A45,"") | AT1: =IF('emission sources'!$A46<>"",'emission sources'!$A46,"") | AU1: =IF('emission sources'!$A47<>"",'emission sources'!$A47,"") | AV1: =IF('emission sources'!$A48<>"",'emission sources'!$A48,"") | AW1: =IF('emission sources'!$A49<>"",'emission sources'!$A49,"") | AX1: =IF('emission sources'!$A50<>"",'emission sources'!$A50,"") | AY1: =IF('emission sources'!$A51<>"",'emission sources'!$A51,"") | AZ1: =IF('emission sources'!$A52<>"",'emission sources'!$A52,"") | BA1: =IF('emission sources'!$A53<>"",'emission sources'!$A53,"") | BB1: =IF('emission sources'!$A54<>"",'emission sources'!$A54,"") | BC1: =IF('emission sources'!$A55<>"",'emission sources'!$A55,"") | BD1: =IF('emission sources'!$A56<>"",'emission sources'!$A56,"") | BE1: =IF('emission sources'!$A57<>"",'emission sources'!$A57,"") | BF1: =IF('emission sources'!$A58<>"",'emission sources'!$A58,"") | BG1: =IF('emission sources'!$A59<>"",'emission sources'!$A59,"") | BH1: =IF('emission sources'!$A60<>"",'emission sources'!$A60,"") | BI1: =IF('emission sources'!$A61<>"",'emission sources'!$A61,"") | BJ1: =IF('emission sources'!$A62<>"",'emission sources'!$A62,"") | BK1: =IF('emission sources'!$A63<>"",'emission sources'!$A63,"") | BL1: =IF('emission sources'!$A64<>"",'emission sources'!$A64,"") | BM1: =IF('emission sources'!$A65<>"",'emission sources'!$A65,"") | BN1: =IF('emission sources'!$A66<>"",'emission sources'!$A66,"") | BO1: =IF('emission sources'!$A67<>"",'emission sources'!$A67,"") | BP1: =IF('emission sources'!$A68<>"",'emission sources'!$A68,"") | BQ1: =IF('emission sources'!$A69<>"",'emission sources'!$A69,"") | BR1: =IF('emission sources'!$A70<>"",'emission sources'!$A70,"") | BS1: =IF('emission sources'!$A71<>"",'emission sources'!$A71,"") | BT1: =IF('emission sources'!$A72<>"",'emission sources'!$A72,"") | BU1: =IF('emission sources'!$A73<>"",'emission sources'!$A73,"") | BV1: =IF('emission sources'!$A74<>"",'emission sources'!$A74,"") | BW1: =IF('emission sources'!$A75<>"",'emission sources'!$A75,"") | BX1: =IF('emission sources'!$A76<>"",'emission sources'!$A76,"") | BY1: =IF('emission sources'!$A77<>"",'emission sources'!$A77,"") | BZ1: =IF('emission sources'!$A78<>"",'emission sources'!$A78,"") | CA1: =IF('emission sources'!$A79<>"",'emission sources'!$A79,"") | CB1: =IF('emission sources'!$A80<>"",'emission sources'!$A80,"") | CC1: =IF('emission sources'!$A81<>"",'emission sources'!$A81,"") | CD1: =IF('emission sources'!$A82<>"",'emission sources'!$A82,"") | CE1: =IF('emission sources'!$A83<>"",'emission sources'!$A83,"") | CF1: =IF('emission sources'!$A84<>"",'emission sources'!$A84,"") | CG1: =IF('emission sources'!$A85<>"",'emission sources'!$A85,"") | CH1: =IF('emission sources'!$A86<>"",'emission sources'!$A86,"") | CI1: =IF('emission sources'!$A87<>"",'emission sources'!$A87,"") | CJ1: =IF('emission sources'!$A88<>"",'emission sources'!$A88,"") | CK1: =IF('emission sources'!$A89<>"",'emission sources'!$A89,"") | CL1: =IF('emission sources'!$A90<>"",'emission sources'!$A90,"") | CM1: =IF('emission sources'!$A91<>"",'emission sources'!$A91,"") | CN1: =IF('emission sources'!$A92<>"",'emission sources'!$A92,"") | CO1: =IF('emission sources'!$A93<>"",'emission sources'!$A93,"") | CP1: =IF('emission sources'!$A94<>"",'emission sources'!$A94,"") | CQ1: =IF('emission sources'!$A95<>"",'emission sources'!$A95,"") | CR1: =IF('emission sources'!$A96<>"",'emission sources'!$A96,"") | CS1: =IF('emission sources'!$A97<>"",'emission sources'!$A97,"") | CT1: =IF('emission sources'!$A98<>"",'emission sources'!$A98,"") | CU1: =IF('emission sources'!$A99<>"",'emission sources'!$A99,"") | CV1: =IF('emission sources'!$A100<>"",'emission sources'!$A100,"") | CW1: =IF('emission sources'!$A101<>"",'emission sources'!$A101,"") | CX1: =IF('emission sources'!$A102<>"",'emission sources'!$A102,"") | CY1: =IF('emission sources'!$A103<>"",'emission sources'!$A103,"") | CZ1: =IF('emission sources'!$A104<>"",'emission sources'!$A104,"") | DA1: =IF('emission sources'!$A105<>"",'emission sources'!$A105,"") | DB1: =IF('emission sources'!$A106<>"",'emission sources'!$A106,"") | DC1: =IF('emission sources'!$A107<>"",'emission sources'!$A107,"") | DD1: =IF('emission sources'!$A108<>"",'emission sources'!$A108,"") | DE1: =IF('emission sources'!$A109<>"",'emission sources'!$A109,"") | DF1: =IF('emission sources'!$A110<>"",'emission sources'!$A110,"") | DG1: =IF('emission sources'!$A111<>"",'emission sources'!$A111,"") | DH1: =IF('emission sources'!$A112<>"",'emission sources'!$A112,"") | DI1: =IF('emission sources'!$A113<>"",'emission sources'!$A113,"") | DJ1: =IF('emission sources'!$A114<>"",'emission sources'!$A114,"") | DK1: =IF('emission sources'!$A115<>"",'emission sources'!$A115,"") | DL1: =IF('emission sources'!$A116<>"",'emission sources'!$A116,"") | DM1: =IF('emission sources'!$A117<>"",'emission sources'!$A117,"") | DN1: =IF('emission sources'!$A118<>"",'emission sources'!$A118,"") | DO1: =IF('emission sources'!$A119<>"",'emission sources'!$A119,"") | DP1: =IF('emission sources'!$A120<>"",'emission sources'!$A120,"") | DQ1: =IF('emission sources'!$A121<>"",'emission sources'!$A121,"") | DR1: =IF('emission sources'!$A122<>"",'emission sources'!$A122,"") | DS1: =IF('emission sources'!$A123<>"",'emission sources'!$A123,"") | DT1: =IF('emission sources'!$A124<>"",'emission sources'!$A124,"") | DU1: =IF('emission sources'!$A125<>"",'emission sources'!$A125,"") | DV1: =IF('emission sources'!$A126<>"",'emission sources'!$A126,"") | DW1: =IF('emission sources'!$A127<>"",'emission sources'!$A127,"") | DX1: =IF('emission sources'!$A128<>"",'emission sources'!$A128,"") | DY1: =IF('emission sources'!$A129<>"",'emission sources'!$A129,"") | DZ1: =IF('emission sources'!$A130<>"",'emission sources'!$A130,"") | EA1: =IF('emission sources'!$A131<>"",'emission sources'!$A131,"") | EB1: =IF('emission sources'!$A132<>"",'emission sources'!$A132,"") | EC1: =IF('emission sources'!$A133<>"",'emission sources'!$A133,"") | ED1: =IF('emission sources'!$A134<>"",'emission sources'!$A134,"") | EE1: =IF('emission sources'!$A135<>"",'emission sources'!$A135,"") | EF1: =IF('emission sources'!$A136<>"",'emission sources'!$A136,"") | EG1: =IF('emission sources'!$A137<>"",'emission sources'!$A137,"") | EH1: =IF('emission sources'!$A138<>"",'emission sources'!$A138,"") | EI1: =IF('emission sources'!$A139<>"",'emission sources'!$A139,"") | EJ1: =IF('emission sources'!$A140<>"",'emission sources'!$A140,"") | EK1: =IF('emission sources'!$A141<>"",'emission sources'!$A141,"") | EL1: =IF('emission sources'!$A142<>"",'emission sources'!$A142,"") | EM1: =IF('emission sources'!$A143<>"",'emission sources'!$A143,"") | EN1: =IF('emission sources'!$A144<>"",'emission sources'!$A144,"") | EO1: =IF('emission sources'!$A145<>"",'emission sources'!$A145,"") | EP1: =IF('emission sources'!$A146<>"",'emission sources'!$A146,"") | EQ1: =IF('emission sources'!$A147<>"",'emission sources'!$A147,"") | ER1: =IF('emission sources'!$A148<>"",'emission sources'!$A148,"") | ES1: =IF('emission sources'!$A149<>"",'emission sources'!$A149,"") | ET1: =IF('emission sources'!$A150<>"",'emission sources'!$A150,"") | EU1: =IF('emission sources'!$A151<>"",'emission sources'!$A151,"") | EV1: =IF('emission sources'!$A152<>"",'emission sources'!$A152,"") | EW1: =IF('emission sources'!$A153<>"",'emission sources'!$A153,"") | EX1: =IF('emission sources'!$A154<>"",'emission sources'!$A154,"") | EY1: =IF('emission sources'!$A155<>"",'emission sources'!$A155,"") | EZ1: =IF('emission sources'!$A156<>"",'emission sources'!$A156,"") | FA1: =IF('emission sources'!$A157<>"",'emission sources'!$A157,"") | FB1: =IF('emission sources'!$A158<>"",'emission sources'!$A158,"") | FC1: =IF('emission sources'!$A159<>"",'emission sources'!$A159,"") | FD1: =IF('emission sources'!$A160<>"",'emission sources'!$A160,"") | FE1: =IF('emission sources'!$A161<>"",'emission sources'!$A161,"") | FF1: =IF('emission sources'!$A162<>"",'emission sources'!$A162,"") | FG1: =IF('emission sources'!$A163<>"",'emission sources'!$A163,"") | FH1: =IF('emission sources'!$A164<>"",'emission sources'!$A164,"") | FI1: =IF('emission sources'!$A165<>"",'emission sources'!$A165,"") | FJ1: =IF('emission sources'!$A166<>"",'emission sources'!$A166,"") | FK1: =IF('emission sources'!$A167<>"",'emission sources'!$A167,"") | FL1: =IF('emission sources'!$A168<>"",'emission sources'!$A168,"") | FM1: =IF('emission sources'!$A169<>"",'emission sources'!$A169,"") | FN1: =IF('emission sources'!$A170<>"",'emission sources'!$A170,"") | FO1: =IF('emission sources'!$A171<>"",'emission sources'!$A171,"") | FP1: =IF('emission sources'!$A172<>"",'emission sources'!$A172,"") | FQ1: =IF('emission sources'!$A173<>"",'emission sources'!$A173,"") | FR1: =IF('emission sources'!$A174<>"",'emission sources'!$A174,"") | FS1: =IF('emission sources'!$A175<>"",'emission sources'!$A175,"") | FT1: =IF('emission sources'!$A176<>"",'emission sources'!$A176,"") | FU1: =IF('emission sources'!$A177<>"",'emission sources'!$A177,"") | FV1: =IF('emission sources'!$A178<>"",'emission sources'!$A178,"") | FW1: =IF('emission sources'!$A179<>"",'emission sources'!$A179,"") | FX1: =IF('emission sources'!$A180<>"",'emission sources'!$A180,"") | FY1: =IF('emission sources'!$A181<>"",'emission sources'!$A181,"") | FZ1: =IF('emission sources'!$A182<>"",'emission sources'!$A182,"") | GA1: =IF('emission sources'!$A183<>"",'emission sources'!$A183,"") | GB1: =IF('emission sources'!$A184<>"",'emission sources'!$A184,"") | GC1: =IF('emission sources'!$A185<>"",'emission sources'!$A185,"") | GD1: =IF('emission sources'!$A186<>"",'emission sources'!$A186,"") | GE1: =IF('emission sources'!$A187<>"",'emission sources'!$A187,"") | GF1: =IF('emission sources'!$A188<>"",'emission sources'!$A188,"") | GG1: =IF('emission sources'!$A189<>"",'emission sources'!$A189,"") | GH1: =IF('emission sources'!$A190<>"",'emission sources'!$A190,"") | GI1: =IF('emission sources'!$A191<>"",'emission sources'!$A191,"") | GJ1: =IF('emission sources'!$A192<>"",'emission sources'!$A192,"") | GK1: =IF('emission sources'!$A193<>"",'emission sources'!$A193,"") | GL1: =IF('emission sources'!$A194<>"",'emission sources'!$A194,"") | GM1: =IF('emission sources'!$A195<>"",'emission sources'!$A195,"") | GN1: =IF('emission sources'!$A196<>"",'emission sources'!$A196,"") | GO1: =IF('emission sources'!$A197<>"",'emission sources'!$A197,"") | GP1: =IF('emission sources'!$A198<>"",'emission sources'!$A198,"") | GQ1: =IF('emission sources'!$A199<>"",'emission sources'!$A199,"") | GR1: =IF('emission sources'!$A200<>"",'emission sources'!$A200,"") | GS1: =IF('emission sources'!$A201<>"",'emission sources'!$A201,"") | GT1: =IF('emission sources'!$A202<>"",'emission sources'!$A202,"") | GU1: =IF('emission sources'!$A203<>"",'emission sources'!$A203,"") | GV1: =IF('emission sources'!$A204<>"",'emission sources'!$A204,"") | GW1: =IF('emission sources'!$A205<>"",'emission sources'!$A205,"") | GX1: =IF('emission sources'!$A206<>"",'emission sources'!$A206,"") | GY1: =IF('emission sources'!$A207<>"",'emission sources'!$A207,"") | GZ1: =IF('emission sources'!$A208<>"",'emission sources'!$A208,"") | HA1: =IF('emission sources'!$A209<>"",'emission sources'!$A209,"") | HB1: =IF('emission sources'!$A210<>"",'emission sources'!$A210,"") | HC1: =IF('emission sources'!$A211<>"",'emission sources'!$A211,"") | HD1: =IF('emission sources'!$A212<>"",'emission sources'!$A212,"") | HE1: =IF('emission sources'!$A213<>"",'emission sources'!$A213,"") | HF1: =IF('emission sources'!$A214<>"",'emission sources'!$A214,"") | HG1: =IF('emission sources'!$A215<>"",'emission sources'!$A215,"") | HH1: =IF('emission sources'!$A216<>"",'emission sources'!$A216,"") | HI1: =IF('emission sources'!$A217<>"",'emission sources'!$A217,"") | HJ1: =IF('emission sources'!$A218<>"",'emission sources'!$A218,"") | HK1: =IF('emission sources'!$A219<>"",'emission sources'!$A219,"") | HL1: =IF('emission sources'!$A220<>"",'emission sources'!$A220,"") | HM1: =IF('emission sources'!$A221<>"",'emission sources'!$A221,"") | HN1: =IF('emission sources'!$A222<>"",'emission sources'!$A222,"") | HO1: =IF('emission sources'!$A223<>"",'emission sources'!$A223,"") | HP1: =IF('emission sources'!$A224<>"",'emission sources'!$A224,"") | HQ1: =IF('emission sources'!$A225<>"",'emission sources'!$A225,"") | HR1: =IF('emission sources'!$A226<>"",'emission sources'!$A226,"") | HS1: =IF('emission sources'!$A227<>"",'emission sources'!$A227,"") | HT1: =IF('emission sources'!$A228<>"",'emission sources'!$A228,"") | HU1: =IF('emission sources'!$A229<>"",'emission sources'!$A229,"") | HV1: =IF('emission sources'!$A230<>"",'emission sources'!$A230,"") | HW1: =IF('emission sources'!$A231<>"",'emission sources'!$A231,"") | HX1: =IF('emission sources'!$A232<>"",'emission sources'!$A232,"") | HY1: =IF('emission sources'!$A233<>"",'emission sources'!$A233,"") | HZ1: =IF('emission sources'!$A234<>"",'emission sources'!$A234,"") | IA1: =IF('emission sources'!$A235<>"",'emission sources'!$A235,"") | IB1: =IF('emission sources'!$A236<>"",'emission sources'!$A236,"") | IC1: =IF('emission sources'!$A237<>"",'emission sources'!$A237,"") | ID1: =IF('emission sources'!$A238<>"",'emission sources'!$A238,"") | IE1: =IF('emission sources'!$A239<>"",'emission sources'!$A239,"") | IF1: =IF('emission sources'!$A240<>"",'emission sources'!$A240,"") | IG1: =IF('emission sources'!$A241<>"",'emission sources'!$A241,"") | IH1: =IF('emission sources'!$A242<>"",'emission sources'!$A242,"") | II1: =IF('emission sources'!$A243<>"",'emission sources'!$A243,"") | IJ1: =IF('emission sources'!$A244<>"",'emission sources'!$A244,"") | IK1: =IF('emission sources'!$A245<>"",'emission sources'!$A245,"") | IL1: =IF('emission sources'!$A246<>"",'emission sources'!$A246,"") | IM1: =IF('emission sources'!$A247<>"",'emission sources'!$A247,"") | IN1: =IF('emission sources'!$A248<>"",'emission sources'!$A248,"") | IO1: =IF('emission sources'!$A249<>"",'emission sources'!$A249,"") | IP1: =IF('emission sources'!$A250<>"",'emission sources'!$A250,"") | IQ1: =IF('emission sources'!$A251<>"",'emission sources'!$A251,"") | IR1: =IF('emission sources'!$A252<>"",'emission sources'!$A252,"") | IS1: =IF('emission sources'!$A253<>"",'emission sources'!$A253,"") | IT1: =IF('emission sources'!$A254<>"",'emission sources'!$A254,"") | IU1: =IF('emission sources'!$A255<>"",'emission sources'!$A255,"") | IV1: =IF('emission sources'!$A256<>"",'emission sources'!$A256,"") | IW1: =IF('emission sources'!$A257<>"",'emission sources'!$A257,"") | IX1: =IF('emission sources'!$A258<>"",'emission sources'!$A258,"") | IY1: =IF('emission sources'!$A259<>"",'emission sources'!$A259,"") | IZ1: =IF('emission sources'!$A260<>"",'emission sources'!$A260,"") | JA1: =IF('emission sources'!$A261<>"",'emission sources'!$A261,"") | JB1: =IF('emission sources'!$A262<>"",'emission sources'!$A262,"") | JC1: =IF('emission sources'!$A263<>"",'emission sources'!$A263,"") | JD1: =IF('emission sources'!$A264<>"",'emission sources'!$A264,"") | JE1: =IF('emission sources'!$A265<>"",'emission sources'!$A265,"") | JF1: =IF('emission sources'!$A266<>"",'emission sources'!$A266,"") | JG1: =IF('emission sources'!$A267<>"",'emission sources'!$A267,"") | JH1: =IF('emission sources'!$A268<>"",'emission sources'!$A268,"") | JI1: =IF('emission sources'!$A269<>"",'emission sources'!$A269,"") | JJ1: =IF('emission sources'!$A270<>"",'emission sources'!$A270,"") | JK1: =IF('emission sources'!$A271<>"",'emission sources'!$A271,"") | JL1: =IF('emission sources'!$A272<>"",'emission sources'!$A272,"") | JM1: =IF('emission sources'!$A273<>"",'emission sources'!$A273,"") | JN1: =IF('emission sources'!$A274<>"",'emission sources'!$A274,"") | JO1: =IF('emission sources'!$A275<>"",'emission sources'!$A275,"") | JP1: =IF('emission sources'!$A276<>"",'emission sources'!$A276,"") | JQ1: =IF('emission sources'!$A277<>"",'emission sources'!$A277,"") | JR1: =IF('emission sources'!$A278<>"",'emission sources'!$A278,"") | JS1: =IF('emission sources'!$A279<>"",'emission sources'!$A279,"") | JT1: =IF('emission sources'!$A280<>"",'emission sources'!$A280,"") | JU1: =IF('emission sources'!$A281<>"",'emission sources'!$A281,"") | JV1: =IF('emission sources'!$A282<>"",'emission sources'!$A282,"") | JW1: =IF('emission sources'!$A283<>"",'emission sources'!$A283,"") | JX1: =IF('emission sources'!$A284<>"",'emission sources'!$A284,"") | JY1: =IF('emission sources'!$A285<>"",'emission sources'!$A285,"") | JZ1: =IF('emission sources'!$A286<>"",'emission sources'!$A286,"") | KA1: =IF('emission sources'!$A287<>"",'emission sources'!$A287,"") | KB1: =IF('emission sources'!$A288<>"",'emission sources'!$A288,"")
A2: =IF(facility!$A2<>"",facility!$A2,"") -> Mt_Darwin | B2: 30926.5 | C2: 8434.5 | D2: 16869 | E2: 8720 | F2: 47900 | G2: 170 | H2: 4130 | I2: 19350 | J2: 4840 | K2: 7460 | L2: 1308
A3: =IF(facility!$A3<>"",facility!$A3,"")
A4: =IF(facility!$A4<>"",facility!$A4,"")
A5: =IF(facility!$A5<>"",facility!$A5,"")
A6: =IF(facility!$A6<>"",facility!$A6,"")
A7: =IF(facility!$A7<>"",facility!$A7,"")
A8: =IF(facility!$A8<>"",facility!$A8,"")
A9: =IF(facility!$A9<>"",facility!$A9,"")
A10: =IF(facility!$A10<>"",facility!$A10,"")
A11: =IF(facility!$A11<>"",facility!$A11,"")
A12: =IF(facility!$A12<>"",facility!$A12,"")
A13: =IF(facility!$A13<>"",facility!$A13,"")
A14: =IF(facility!$A14<>"",facility!$A14,"")
... A19: =IF(facility!$A19<>"",facility!$A19,"")
A20: =IF(facility!$A31<>"",facility!$A31,"")
A21: =IF(facility!$A32<>"",facility!$A32,"") | B21: =IF('emission sources'!$A12<>"",'emission sources'!$A12,"") -> Contactor_logistics
A22: =IF(facility!$A33<>"",facility!$A33,"") | B22: =IF('emission sources'!$A13<>"",'emission sources'!$A13,"")
A23: =IF(facility!$A34<>"",facility!$A34,"") | B23: =IF('emission sources'!$A14<>"",'emission sources'!$A14,"")
A24: =IF(facility!$A35<>"",facility!$A35,"") | B24: =IF('emission sources'!$A15<>"",'emission sources'!$A15,"")
A25: =IF(facility!$A36<>"",facility!$A36,"") | B25: =IF('emission sources'!$A16<>"",'emission sources'!$A16,"")
A26: =IF(facility!$A37<>"",facility!$A37,"") | B26: =IF('emission sources'!$A17<>"",'emission sources'!$A17,"")
A27: =IF(facility!$A38<>"",facility!$A38,"") | B27: =IF('emission sources'!$A18<>"",'emission sources'!$A18,"")
A28: =IF(facility!$A39<>"",facility!$A39,"") | B28: =IF('emission sources'!$A19<>"",'emission sources'!$A19,"")
A29: =IF(facility!$A40<>"",facility!$A40,"") | B29: =IF('emission sources'!$A20<>"",'emission sources'!$A20,"")
A30: =IF(facility!$A41<>"",facility!$A41,"") | B30: =IF('emission sources'!$A21<>"",'emission sources'!$A21,"")
A31: =IF(facility!$A42<>"",facility!$A42,"") | B31: =IF('emission sources'!$A22<>"",'emission sources'!$A22,"")
A32: =IF(facility!$A43<>"",facility!$A43,"") | B32: =IF('emission sources'!$A23<>"",'emission sources'!$A23,"")
... A297: =IF(facility!$A308<>"",facility!$A308,"") | B297: =IF('emission sources'!$A288<>"",'emission sources'!$A288,"")
A298: =IF(facility!$A309<>"",facility!$A309,"")

Sheet interventions
A1: Code Name | B1: Display Name | C1: Additional annual CO2 reduction | D1: Cost co-benefits | E1: Other co-benefits
A2: solar_system1 | B2: Solar system (5Va) | D2: 2199 | E2: Reliable power, lower costs, better cold chain, supports medical equipment.
A3: led_light1 | B3: 35 LED lights (18W) | D3: 161 | E3: Lower energy costs
A4: energy_efficient_fridge1 | B4: 1 Energy efficient large deep fridge | D4: 110 | E4: Prevents spoilage, saves electricity, extends equipment lifespan.
A5: energy_efficient_fridge_multi5 | B5: 5 Energy efficient small upright fridges | D5: 474 | E5: Prevents spoilage, saves electricity, extends equipment lifespan.
A6: laundry_machine | B6: Energy Efficient laundry Machine (10kg) | D6: 71 | E6: Saves water, protects linen, improves infection control.
A7: energy_efficient_ac_multi1 | B7: 1 Energy efficient AC units | D7: 37 | E7: Better air quality, improved comfort, lower power bills.
A8: energy_efficient_ac_multi5 | B8: 5 Energy efficient AC units | D8: 185 | E8: Better air quality, improved comfort, lower power bills.
A9: energy_efficient_ac_multi10 | B9: 10 Energy efficient AC units | D9: 370 | E9: Better air quality, improved comfort, lower power bills.
A10: tree_planting_multi100 | B10: 100 Trees | D10: -500 | E10: Improves air quality, provides shade, boosts mental health.
A11: tree_planting_multi200 | B11: 200 Trees | D11: -1000 | E11: Improves air quality, provides shade, boosts mental health.
A12: waste_segregation | B12: 4 Waste segregation bins | D12: 5670 | E12: Reduces contamination, improves hygiene, saves disposal costs.
A13: staff_training_awareness | B13: Engagement & awareness | D13: 579 | E13: Empowers staff, boosts efficiency, promotes sustainability.

Sheet exclusions
A1: tree_planting_multi100 | B1: tree_planting_multi200

Sheet emission targets
A1: interventions | B1: =IF('emission sources'!$A2<>"",'emission sources'!$A2,"") -> Grid_Electricity | C1: =IF('emission sources'!$A3<>"",'emission sources'!$A3,"") -> Lighting | D1: =IF('emission sources'!$A4<>"",'emission sources'!$A4,"") -> Heating | E1: =IF('emission sources'!$A5<>"",'emission sources'!$A5,"") -> Building_Energy | F1: =IF('emission sources'!$A6<>"",'emission sources'!$A6,"") -> Vehicle_Fuel_Owned | G1: =IF('emission sources'!$A7<>"",'emission sources'!$A7,"") -> Business_Travel | H1: =IF('emission sources'!$A8<>"",'emission sources'!$A8,"") -> Anaesthetic_Gases | I1: =IF('emission sources'!$A9<>"",'emission sources'!$A9,"") -> Refrigeration_Gases | J1: =IF('emission sources'!$A10<>"",'emission sources'!$A10,"") -> Medical_Inhalers | K1: =IF('emission sources'!$A11<>"",'emission sources'!$A11,"") -> Waste_Management | L1: =IF('emission sources'!$A12<>"",'emission sources'!$A12,"") -> Contactor_logistics | M1: =IF('emission sources'!$A13<>"",'emission sources'!$A13,"") | N1: =IF('emission sources'!$A14<>"",'emission sources'!$A14,"") | O1: =IF('emission sources'!$A15<>"",'emission sources'!$A15,"") | P1: =IF('emission sources'!$A16<>"",'emission sources'!$A16,"") | Q1: =IF('emission sources'!$A17<>"",'emission sources'!$A17,"") | R1: =IF('emission sources'!$A18<>"",'emission sources'!$A18,"") | S1: =IF('emission sources'!$A19<>"",'emission sources'!$A19,"") | T1: =IF('emission sources'!$A20<>"",'emission sources'!$A20,"") | U1: =IF('emission sources'!$A21<>"",'emission sources'!$A21,"") | V1: =IF('emission sources'!$A22<>"",'emission sources'!$A22,"") | W1: =IF('emission sources'!$A23<>"",'emission sources'!$A23,"") | X1: =IF('emission sources'!$A24<>"",'emission sources'!$A24,"") | Y1: =IF('emission sources'!$A25<>"",'emission sources'!$A25,"") | Z1: =IF('emission sources'!$A26<>"",'emission sources'!$A26,"") | AA1: =IF('emission sources'!$A27<>"",'emission sources'!$A27,"") | AB1: =IF('emission sources'!$A28<>"",'emission sources'!$A28,"") | AC1: =IF('emission sources'!$A29<>"",'emission sources'!$A29,"") | AD1: =IF('emission sources'!$A30<>"",'emission sources'!$A30,"") | AE1: =IF('emission sources'!$A31<>"",'emission sources'!$A31,"") | AF1: =IF('emission sources'!$A32<>"",'emission sources'!$A32,"") | AG1: =IF('emission sources'!$A33<>"",'emission sources'!$A33,"") | AH1: =IF('emission sources'!$A34<>"",'emission sources'!$A34,"") | AI1: =IF('emission sources'!$A35<>"",'emission sources'!$A35,"") | AJ1: =IF('emission sources'!$A36<>"",'emission sources'!$A36,"") | AK1: =IF('emission sources'!$A37<>"",'emission sources'!$A37,"") | AL1: =IF('emission sources'!$A38<>"",'emission sources'!$A38,"") | AM1: =IF('emission sources'!$A39<>"",'emission sources'!$A39,"") | AN1: =IF('emission sources'!$A40<>"",'emission sources'!$A40,"") | AO1: =IF('emission sources'!$A41<>"",'emission sources'!$A41,"") | AP1: =IF('emission sources'!$A42<>"",'emission sources'!$A42,"") | AQ1: =IF('emission sources'!$A43<>"",'emission sources'!$A43,"") | AR1: =IF('emission sources'!$A44<>"",'emission sources'!$A44,"") | AS1: =IF('emission sources'!$A45<>"",'emission sources'!$A45,"") | AT1: =IF('emission sources'!$A46<>"",'emission sources'!$A46,"") | AU1: =IF('emission sources'!$A47<>"",'emission sources'!$A47,"") | AV1: =IF('emission sources'!$A48<>"",'emission sources'!$A48,"") | AW1: =IF('emission sources'!$A49<>"",'emission sources'!$A49,"") | AX1: =IF('emission sources'!$A50<>"",'emission sources'!$A50,"") | AY1: =IF('emission sources'!$A51<>"",'emission sources'!$A51,"") | AZ1: =IF('emission sources'!$A52<>"",'emission sources'!$A52,"") | BA1: =IF('emission sources'!$A53<>"",'emission sources'!$A53,"") | BB1: =IF('emission sources'!$A54<>"",'emission sources'!$A54,"") | BC1: =IF('emission sources'!$A55<>"",'emission sources'!$A55,"") | BD1: =IF('emission sources'!$A56<>"",'emission sources'!$A56,"") | BE1: =IF('emission sources'!$A57<>"",'emission sources'!$A57,"") | BF1: =IF('emission sources'!$A58<>"",'emission sources'!$A58,"") | BG1: =IF('emission sources'!$A59<>"",'emission sources'!$A59,"") | BH1: =IF('emission sources'!$A60<>"",'emission sources'!$A60,"") | BI1: =IF('emission sources'!$A61<>"",'emission sources'!$A61,"") | BJ1: =IF('emission sources'!$A62<>"",'emission sources'!$A62,"") | BK1: =IF('emission sources'!$A63<>"",'emission sources'!$A63,"") | BL1: =IF('emission sources'!$A64<>"",'emission sources'!$A64,"") | BM1: =IF('emission sources'!$A65<>"",'emission sources'!$A65,"") | BN1: =IF('emission sources'!$A66<>"",'emission sources'!$A66,"") | BO1: =IF('emission sources'!$A67<>"",'emission sources'!$A67,"") | BP1: =IF('emission sources'!$A68<>"",'emission sources'!$A68,"") | BQ1: =IF('emission sources'!$A69<>"",'emission sources'!$A69,"") | BR1: =IF('emission sources'!$A70<>"",'emission sources'!$A70,"") | BS1: =IF('emission sources'!$A71<>"",'emission sources'!$A71,"") | BT1: =IF('emission sources'!$A72<>"",'emission sources'!$A72,"") | BU1: =IF('emission sources'!$A73<>"",'emission sources'!$A73,"") | BV1: =IF('emission sources'!$A74<>"",'emission sources'!$A74,"") | BW1: =IF('emission sources'!$A75<>"",'emission sources'!$A75,"") | BX1: =IF('emission sources'!$A76<>"",'emission sources'!$A76,"") | BY1: =IF('emission sources'!$A77<>"",'emission sources'!$A77,"") | BZ1: =IF('emission sources'!$A78<>"",'emission sources'!$A78,"") | CA1: =IF('emission sources'!$A79<>"",'emission sources'!$A79,"") | CB1: =IF('emission sources'!$A80<>"",'emission sources'!$A80,"") | CC1: =IF('emission sources'!$A81<>"",'emission sources'!$A81,"") | CD1: =IF('emission sources'!$A82<>"",'emission sources'!$A82,"") | CE1: =IF('emission sources'!$A83<>"",'emission sources'!$A83,"") | CF1: =IF('emission sources'!$A84<>"",'emission sources'!$A84,"") | CG1: =IF('emission sources'!$A85<>"",'emission sources'!$A85,"") | CH1: =IF('emission sources'!$A86<>"",'emission sources'!$A86,"") | CI1: =IF('emission sources'!$A87<>"",'emission sources'!$A87,"") | CJ1: =IF('emission sources'!$A88<>"",'emission sources'!$A88,"") | CK1: =IF('emission sources'!$A89<>"",'emission sources'!$A89,"") | CL1: =IF('emission sources'!$A90<>"",'emission sources'!$A90,"") | CM1: =IF('emission sources'!$A91<>"",'emission sources'!$A91,"") | CN1: =IF('emission sources'!$A92<>"",'emission sources'!$A92,"") | CO1: =IF('emission sources'!$A93<>"",'emission sources'!$A93,"") | CP1: =IF('emission sources'!$A94<>"",'emission sources'!$A94,"") | CQ1: =IF('emission sources'!$A95<>"",'emission sources'!$A95,"") | CR1: =IF('emission sources'!$A96<>"",'emission sources'!$A96,"") | CS1: =IF('emission sources'!$A97<>"",'emission sources'!$A97,"") | CT1: =IF('emission sources'!$A98<>"",'emission sources'!$A98,"") | CU1: =IF('emission sources'!$A99<>"",'emission sources'!$A99,"") | CV1: =IF('emission sources'!$A100<>"",'emission sources'!$A100,"") | CW1: =IF('emission sources'!$A101<>"",'emission sources'!$A101,"") | CX1: =IF('emission sources'!$A102<>"",'emission sources'!$A102,"") | CY1: =IF('emission sources'!$A103<>"",'emission sources'!$A103,"") | CZ1: =IF('emission sources'!$A104<>"",'emission sources'!$A104,"") | DA1: =IF('emission sources'!$A105<>"",'emission sources'!$A105,"") | DB1: =IF('emission sources'!$A106<>"",'emission sources'!$A106,"") | DC1: =IF('emission sources'!$A107<>"",'emission sources'!$A107,"") | DD1: =IF('emission sources'!$A108<>"",'emission sources'!$A108,"") | DE1: =IF('emission sources'!$A109<>"",'emission sources'!$A109,"") | DF1: =IF('emission sources'!$A110<>"",'emission sources'!$A110,"") | DG1: =IF('emission sources'!$A111<>"",'emission sources'!$A111,"") | DH1: =IF('emission sources'!$A112<>"",'emission sources'!$A112,"") | DI1: =IF('emission sources'!$A113<>"",'emission sources'!$A113,"") | DJ1: =IF('emission sources'!$A114<>"",'emission sources'!$A114,"") | DK1: =IF('emission sources'!$A115<>"",'emission sources'!$A115,"") | DL1: =IF('emission sources'!$A116<>"",'emission sources'!$A116,"") | DM1: =IF('emission sources'!$A117<>"",'emission sources'!$A117,"") | DN1: =IF('emission sources'!$A118<>"",'emission sources'!$A118,"") | DO1: =IF('emission sources'!$A119<>"",'emission sources'!$A119,"") | DP1: =IF('emission sources'!$A120<>"",'emission sources'!$A120,"") | DQ1: =IF('emission sources'!$A121<>"",'emission sources'!$A121,"") | DR1: =IF('emission sources'!$A122<>"",'emission sources'!$A122,"") | DS1: =IF('emission sources'!$A123<>"",'emission sources'!$A123,"") | DT1: =IF('emission sources'!$A124<>"",'emission sources'!$A124,"") | DU1: =IF('emission sources'!$A125<>"",'emission sources'!$A125,"") | DV1: =IF('emission sources'!$A126<>"",'emission sources'!$A126,"") | DW1: =IF('emission sources'!$A127<>"",'emission sources'!$A127,"") | DX1: =IF('emission sources'!$A128<>"",'emission sources'!$A128,"") | DY1: =IF('emission sources'!$A129<>"",'emission sources'!$A129,"") | DZ1: =IF('emission sources'!$A130<>"",'emission sources'!$A130,"") | EA1: =IF('emission sources'!$A131<>"",'emission sources'!$A131,"") | EB1: =IF('emission sources'!$A132<>"",'emission sources'!$A132,"") | EC1: =IF('emission sources'!$A133<>"",'emission sources'!$A133,"") | ED1: =IF('emission sources'!$A134<>"",'emission sources'!$A134,"") | EE1: =IF('emission sources'!$A135<>"",'emission sources'!$A135,"") | EF1: =IF('emission sources'!$A136<>"",'emission sources'!$A136,"") | EG1: =IF('emission sources'!$A137<>"",'emission sources'!$A137,"") | EH1: =IF('emission sources'!$A138<>"",'emission sources'!$A138,"") | EI1: =IF('emission sources'!$A139<>"",'emission sources'!$A139,"") | EJ1: =IF('emission sources'!$A140<>"",'emission sources'!$A140,"") | EK1: =IF('emission sources'!$A141<>"",'emission sources'!$A141,"") | EL1: =IF('emission sources'!$A142<>"",'emission sources'!$A142,"") | EM1: =IF('emission sources'!$A143<>"",'emission sources'!$A143,"") | EN1: =IF('emission sources'!$A144<>"",'emission sources'!$A144,"") | EO1: =IF('emission sources'!$A145<>"",'emission sources'!$A145,"") | EP1: =IF('emission sources'!$A146<>"",'emission sources'!$A146,"") | EQ1: =IF('emission sources'!$A147<>"",'emission sources'!$A147,"") | ER1: =IF('emission sources'!$A148<>"",'emission sources'!$A148,"") | ES1: =IF('emission sources'!$A149<>"",'emission sources'!$A149,"") | ET1: =IF('emission sources'!$A150<>"",'emission sources'!$A150,"") | EU1: =IF('emission sources'!$A151<>"",'emission sources'!$A151,"") | EV1: =IF('emission sources'!$A152<>"",'emission sources'!$A152,"") | EW1: =IF('emission sources'!$A153<>"",'emission sources'!$A153,"") | EX1: =IF('emission sources'!$A154<>"",'emission sources'!$A154,"") | EY1: =IF('emission sources'!$A155<>"",'emission sources'!$A155,"") | EZ1: =IF('emission sources'!$A156<>"",'emission sources'!$A156,"") | FA1: =IF('emission sources'!$A157<>"",'emission sources'!$A157,"") | FB1: =IF('emission sources'!$A158<>"",'emission sources'!$A158,"") | FC1: =IF('emission sources'!$A159<>"",'emission sources'!$A159,"") | FD1: =IF('emission sources'!$A160<>"",'emission sources'!$A160,"") | FE1: =IF('emission sources'!$A161<>"",'emission sources'!$A161,"") | FF1: =IF('emission sources'!$A162<>"",'emission sources'!$A162,"") | FG1: =IF('emission sources'!$A163<>"",'emission sources'!$A163,"") | FH1: =IF('emission sources'!$A164<>"",'emission sources'!$A164,"") | FI1: =IF('emission sources'!$A165<>"",'emission sources'!$A165,"") | FJ1: =IF('emission sources'!$A166<>"",'emission sources'!$A166,"") | FK1: =IF('emission sources'!$A167<>"",'emission sources'!$A167,"") | FL1: =IF('emission sources'!$A168<>"",'emission sources'!$A168,"") | FM1: =IF('emission sources'!$A169<>"",'emission sources'!$A169,"") | FN1: =IF('emission sources'!$A170<>"",'emission sources'!$A170,"") | FO1: =IF('emission sources'!$A171<>"",'emission sources'!$A171,"") | FP1: =IF('emission sources'!$A172<>"",'emission sources'!$A172,"") | FQ1: =IF('emission sources'!$A173<>"",'emission sources'!$A173,"") | FR1: =IF('emission sources'!$A174<>"",'emission sources'!$A174,"") | FS1: =IF('emission sources'!$A175<>"",'emission sources'!$A175,"") | FT1: =IF('emission sources'!$A176<>"",'emission sources'!$A176,"") | FU1: =IF('emission sources'!$A177<>"",'emission sources'!$A177,"") | FV1: =IF('emission sources'!$A178<>"",'emission sources'!$A178,"") | FW1: =IF('emission sources'!$A179<>"",'emission sources'!$A179,"") | FX1: =IF('emission sources'!$A180<>"",'emission sources'!$A180,"") | FY1: =IF('emission sources'!$A181<>"",'emission sources'!$A181,"") | FZ1: =IF('emission sources'!$A182<>"",'emission sources'!$A182,"") | GA1: =IF('emission sources'!$A183<>"",'emission sources'!$A183,"") | GB1: =IF('emission sources'!$A184<>"",'emission sources'!$A184,"") | GC1: =IF('emission sources'!$A185<>"",'emission sources'!$A185,"") | GD1: =IF('emission sources'!$A186<>"",'emission sources'!$A186,"") | GE1: =IF('emission sources'!$A187<>"",'emission sources'!$A187,"") | GF1: =IF('emission sources'!$A188<>"",'emission sources'!$A188,"") | GG1: =IF('emission sources'!$A189<>"",'emission sources'!$A189,"") | GH1: =IF('emission sources'!$A190<>"",'emission sources'!$A190,"") | GI1: =IF('emission sources'!$A191<>"",'emission sources'!$A191,"") | GJ1: =IF('emission sources'!$A192<>"",'emission sources'!$A192,"") | GK1: =IF('emission sources'!$A193<>"",'emission sources'!$A193,"") | GL1: =IF('emission sources'!$A194<>"",'emission sources'!$A194,"") | GM1: =IF('emission sources'!$A195<>"",'emission sources'!$A195,"") | GN1: =IF('emission sources'!$A196<>"",'emission sources'!$A196,"") | GO1: =IF('emission sources'!$A197<>"",'emission sources'!$A197,"") | GP1: =IF('emission sources'!$A198<>"",'emission sources'!$A198,"") | GQ1: =IF('emission sources'!$A199<>"",'emission sources'!$A199,"") | GR1: =IF('emission sources'!$A200<>"",'emission sources'!$A200,"") | GS1: =IF('emission sources'!$A201<>"",'emission sources'!$A201,"") | GT1: =IF('emission sources'!$A202<>"",'emission sources'!$A202,"") | GU1: =IF('emission sources'!$A203<>"",'emission sources'!$A203,"") | GV1: =IF('emission sources'!$A204<>"",'emission sources'!$A204,"") | GW1: =IF('emission sources'!$A205<>"",'emission sources'!$A205,"") | GX1: =IF('emission sources'!$A206<>"",'emission sources'!$A206,"") | GY1: =IF('emission sources'!$A207<>"",'emission sources'!$A207,"") | GZ1: =IF('emission sources'!$A208<>"",'emission sources'!$A208,"") | HA1: =IF('emission sources'!$A209<>"",'emission sources'!$A209,"") | HB1: =IF('emission sources'!$A210<>"",'emission sources'!$A210,"") | HC1: =IF('emission sources'!$A211<>"",'emission sources'!$A211,"") | HD1: =IF('emission sources'!$A212<>"",'emission sources'!$A212,"") | HE1: =IF('emission sources'!$A213<>"",'emission sources'!$A213,"") | HF1: =IF('emission sources'!$A214<>"",'emission sources'!$A214,"") | HG1: =IF('emission sources'!$A215<>"",'emission sources'!$A215,"") | HH1: =IF('emission sources'!$A216<>"",'emission sources'!$A216,"") | HI1: =IF('emission sources'!$A217<>"",'emission sources'!$A217,"") | HJ1: =IF('emission sources'!$A218<>"",'emission sources'!$A218,"") | HK1: =IF('emission sources'!$A219<>"",'emission sources'!$A219,"") | HL1: =IF('emission sources'!$A220<>"",'emission sources'!$A220,"") | HM1: =IF('emission sources'!$A221<>"",'emission sources'!$A221,"") | HN1: =IF('emission sources'!$A222<>"",'emission sources'!$A222,"") | HO1: =IF('emission sources'!$A223<>"",'emission sources'!$A223,"") | HP1: =IF('emission sources'!$A224<>"",'emission sources'!$A224,"") | HQ1: =IF('emission sources'!$A225<>"",'emission sources'!$A225,"") | HR1: =IF('emission sources'!$A226<>"",'emission sources'!$A226,"") | HS1: =IF('emission sources'!$A227<>"",'emission sources'!$A227,"") | HT1: =IF('emission sources'!$A228<>"",'emission sources'!$A228,"") | HU1: =IF('emission sources'!$A229<>"",'emission sources'!$A229,"") | HV1: =IF('emission sources'!$A230<>"",'emission sources'!$A230,"") | HW1: =IF('emission sources'!$A231<>"",'emission sources'!$A231,"") | HX1: =IF('emission sources'!$A232<>"",'emission sources'!$A232,"") | HY1: =IF('emission sources'!$A233<>"",'emission sources'!$A233,"") | HZ1: =IF('emission sources'!$A234<>"",'emission sources'!$A234,"") | IA1: =IF('emission sources'!$A235<>"",'emission sources'!$A235,"") | IB1: =IF('emission sources'!$A236<>"",'emission sources'!$A236,"") | IC1: =IF('emission sources'!$A237<>"",'emission sources'!$A237,"") | ID1: =IF('emission sources'!$A238<>"",'emission sources'!$A238,"") | IE1: =IF('emission sources'!$A239<>"",'emission sources'!$A239,"") | IF1: =IF('emission sources'!$A240<>"",'emission sources'!$A240,"") | IG1: =IF('emission sources'!$A241<>"",'emission sources'!$A241,"") | IH1: =IF('emission sources'!$A242<>"",'emission sources'!$A242,"") | II1: =IF('emission sources'!$A243<>"",'emission sources'!$A243,"") | IJ1: =IF('emission sources'!$A244<>"",'emission sources'!$A244,"") | IK1: =IF('emission sources'!$A245<>"",'emission sources'!$A245,"") | IL1: =IF('emission sources'!$A246<>"",'emission sources'!$A246,"") | IM1: =IF('emission sources'!$A247<>"",'emission sources'!$A247,"") | IN1: =IF('emission sources'!$A248<>"",'emission sources'!$A248,"") | IO1: =IF('emission sources'!$A249<>"",'emission sources'!$A249,"") | IP1: =IF('emission sources'!$A250<>"",'emission sources'!$A250,"") | IQ1: =IF('emission sources'!$A251<>"",'emission sources'!$A251,"") | IR1: =IF('emission sources'!$A252<>"",'emission sources'!$A252,"") | IS1: =IF('emission sources'!$A253<>"",'emission sources'!$A253,"") | IT1: =IF('emission sources'!$A254<>"",'emission sources'!$A254,"") | IU1: =IF('emission sources'!$A255<>"",'emission sources'!$A255,"") | IV1: =IF('emission sources'!$A256<>"",'emission sources'!$A256,"") | IW1: =IF('emission sources'!$A257<>"",'emission sources'!$A257,"") | IX1: =IF('emission sources'!$A258<>"",'emission sources'!$A258,"") | IY1: =IF('emission sources'!$A259<>"",'emission sources'!$A259,"") | IZ1: =IF('emission sources'!$A260<>"",'emission sources'!$A260,"") | JA1: =IF('emission sources'!$A261<>"",'emission sources'!$A261,"") | JB1: =IF('emission sources'!$A262<>"",'emission sources'!$A262,"") | JC1: =IF('emission sources'!$A263<>"",'emission sources'!$A263,"") | JD1: =IF('emission sources'!$A264<>"",'emission sources'!$A264,"") | JE1: =IF('emission sources'!$A265<>"",'emission sources'!$A265,"") | JF1: =IF('emission sources'!$A266<>"",'emission sources'!$A266,"") | JG1: =IF('emission sources'!$A267<>"",'emission sources'!$A267,"") | JH1: =IF('emission sources'!$A268<>"",'emission sources'!$A268,"") | JI1: =IF('emission sources'!$A269<>"",'emission sources'!$A269,"") | JJ1: =IF('emission sources'!$A270<>"",'emission sources'!$A270,"") | JK1: =IF('emission sources'!$A271<>"",'emission sources'!$A271,"") | JL1: =IF('emission sources'!$A272<>"",'emission sources'!$A272,"") | JM1: =IF('emission sources'!$A273<>"",'emission sources'!$A273,"") | JN1: =IF('emission sources'!$A274<>"",'emission sources'!$A274,"") | JO1: =IF('emission sources'!$A275<>"",'emission sources'!$A275,"") | JP1: =IF('emission sources'!$A276<>"",'emission sources'!$A276,"") | JQ1: =IF('emission sources'!$A277<>"",'emission sources'!$A277,"") | JR1: =IF('emission sources'!$A278<>"",'emission sources'!$A278,"") | JS1: =IF('emission sources'!$A279<>"",'emission sources'!$A279,"") | JT1: =IF('emission sources'!$A280<>"",'emission sources'!$A280,"") | JU1: =IF('emission sources'!$A281<>"",'emission sources'!$A281,"") | JV1: =IF('emission sources'!$A282<>"",'emission sources'!$A282,"") | JW1: =IF('emission sources'!$A283<>"",'emission sources'!$A283,"") | JX1: =IF('emission sources'!$A284<>"",'emission sources'!$A284,"") | JY1: =IF('emission sources'!$A285<>"",'emission sources'!$A285,"") | JZ1: =IF('emission sources'!$A286<>"",'emission sources'!$A286,"") | KA1: =IF('emission sources'!$A287<>"",'emission sources'!$A287,"") | KB1: =IF('emission sources'!$A288<>"",'emission sources'!$A288,"")
A2: =IF(interventions!$A2<>"",interventions!$A2,"") -> solar_system1 | B2: y | C2: y
A3: =IF(interventions!$A3<>"",interventions!$A3,"") -> led_light1 | C3: y
A4: =IF(interventions!$A4<>"",interventions!$A4,"") -> energy_efficient_fridge1 | B4: y
A5: =IF(interventions!$A5<>"",interventions!$A5,"") -> energy_efficient_fridge_multi5 | B5: y
A6: =IF(interventions!$A6<>"",interventions!$A6,"") -> laundry_machine | B6: y
A7: =IF(interventions!$A7<>"",interventions!$A7,"") -> energy_efficient_ac_multi1 | I7: Y
A8: =IF(interventions!$A8<>"",interventions!$A8,"") -> energy_efficient_ac_multi5 | I8: Y
A9: =IF(interventions!$A9<>"",interventions!$A9,"") -> energy_efficient_ac_multi10 | I9: Y
A10: =IF(interventions!$A10<>"",interventions!$A10,"") -> tree_planting_multi100 | B10: y | C10: y | D10: y | E10: y | F10: y | G10: y | H10: y | I10: y | J10: y | K10: y | L10: y
A11: =IF(interventions!$A11<>"",interventions!$A11,"") -> tree_planting_multi200 | B11: y | C11: y | D11: y | E11: y | F11: y | G11: y | H11: y | I11: y | J11: y | K11: y | L11: y
A12: =IF(interventions!$A12<>"",interventions!$A12,"") -> waste_segregation | K12: y
A13: =IF(interventions!$A13<>"",interventions!$A13,"") -> staff_training_awareness | B13: y | C13: y | D13: y | E13: y | F13: y | G13: y | H13: y | I13: y | J13: y | K13: y | L13: y
A14: =IF(interventions!$A14<>"",interventions!$A14,"")
A15: =IF(interventions!$A15<>"",interventions!$A15,"")
A16: =IF(interventions!$A16<>"",interventions!$A16,"")
A17: =IF(interventions!$A17<>"",interventions!$A17,"")
A18: =IF(interventions!$A18<>"",interventions!$A18,"")
A19: =IF(interventions!$A19<>"",interventions!$A19,"")
A20: =IF(interventions!$A20<>"",interventions!$A20,"")
A21: =IF(interventions!$A21<>"",interventions!$A21,"")
A22: =IF(interventions!$A22<>"",interventions!$A22,"")
A23: =IF(interventions!$A23<>"",interventions!$A23,"")
A24: =IF(interventions!$A24<>"",interventions!$A24,"")
A25: =IF(interventions!$A25<>"",interventions!$A25,"")
... A296: =IF(interventions!$A296<>"",interventions!$A296,"")

Sheet effect sizes
A1: facilities | B1: =IF(interventions!$A2<>"",interventions!$A2&"_effect","") -> solar_system1_effect | C1: =IF(interventions!$A3<>"",interventions!$A3&"_effect","") -> led_light1_effect | D1: =IF(interventions!$A4<>"",interventions!$A4&"_effect","") -> energy_efficient_fridge1_effect | E1: =IF(interventions!$A5<>"",interventions!$A5&"_effect","") -> energy_efficient_fridge_multi5_effect | F1: =IF(interventions!$A6<>"",interventions!$A6&"_effect","") -> laundry_machine_effect | G1: =IF(interventions!$A7<>"",interventions!$A7&"_effect","") -> energy_efficient_ac_multi1_effect | H1: =IF(interventions!$A8<>"",interventions!$A8&"_effect","") -> energy_efficient_ac_multi5_effect | I1: =IF(interventions!$A9<>"",interventions!$A9&"_effect","") -> energy_efficient_ac_multi10_effect | J1: =IF(interventions!$A10<>"",interventions!$A10&"_effect","") -> tree_planting_multi100_effect | K1: =IF(interventions!$A11<>"",interventions!$A11&"_effect","") -> tree_planting_multi200_effect | L1: =IF(interventions!$A12<>"",interventions!$A12&"_effect","") -> waste_segregation_effect | M1: =IF(interventions!$A13<>"",interventions!$A13&"_effect","") -> staff_training_awareness_effect | N1: =IF(interventions!$A14<>"",interventions!$A14&"_effect","") | O1: =IF(interventions!$A15<>"",interventions!$A15&"_effect","") | P1: =IF(interventions!$A16<>"",interventions!$A16&"_effect","") | Q1: =IF(interventions!$A17<>"",interventions!$A17&"_effect","") | R1: =IF(interventions!$A18<>"",interventions!$A18&"_effect","") | S1: =IF(interventions!$A19<>"",interventions!$A19&"_effect","") | T1: =IF(interventions!$A20<>"",interventions!$A20&"_effect","") | U1: =IF(interventions!$A21<>"",interventions!$A21&"_effect","") | V1: =IF(interventions!$A22<>"",interventions!$A22&"_effect","") | W1: =IF(interventions!$A23<>"",interventions!$A23&"_effect","") | X1: =IF(interventions!$A24<>"",interventions!$A24&"_effect","") | Y1: =IF(interventions!$A25<>"",interventions!$A25&"_effect","") | Z1: =IF(interventions!$A26<>"",interventions!$A26&"_effect","") | AA1: =IF(interventions!$A27<>"",interventions!$A27&"_effect","") | AB1: =IF(interventions!$A28<>"",interventions!$A28&"_effect","") | AC1: =IF(interventions!$A29<>"",interventions!$A29&"_effect","") | AD1: =IF(interventions!$A30<>"",interventions!$A30&"_effect","") | AE1: =IF(interventions!$A31<>"",interventions!$A31&"_effect","") | AF1: =IF(interventions!$A32<>"",interventions!$A32&"_effect","") | AG1: =IF(interventions!$A33<>"",interventions!$A33&"_effect","") | AH1: =IF(interventions!$A34<>"",interventions!$A34&"_effect","") | AI1: =IF(interventions!$A35<>"",interventions!$A35&"_effect","") | AJ1: =IF(interventions!$A36<>"",interventions!$A36&"_effect","") | AK1: =IF(interventions!$A37<>"",interventions!$A37&"_effect","") | AL1: =IF(interventions!$A38<>"",interventions!$A38&"_effect","") | AM1: =IF(interventions!$A39<>"",interventions!$A39&"_effect","") | AN1: =IF(interventions!$A40<>"",interventions!$A40&"_effect","") | AO1: =IF(interventions!$A41<>"",interventions!$A41&"_effect","") | AP1: =IF(interventions!$A42<>"",interventions!$A42&"_effect","") | AQ1: =IF(interventions!$A43<>"",interventions!$A43&"_effect","") | AR1: =IF(interventions!$A44<>"",interventions!$A44&"_effect","") | AS1: =IF(interventions!$A45<>"",interventions!$A45&"_effect","") | AT1: =IF(interventions!$A46<>"",interventions!$A46&"_effect","") | AU1: =IF(interventions!$A47<>"",interventions!$A47&"_effect","") | AV1: =IF(interventions!$A48<>"",interventions!$A48&"_effect","") | AW1: =IF(interventions!$A49<>"",interventions!$A49&"_effect","") | AX1: =IF(interventions!$A50<>"",interventions!$A50&"_effect","") | AY1: =IF(interventions!$A51<>"",interventions!$A51&"_effect","") | AZ1: =IF(interventions!$A52<>"",interventions!$A52&"_effect","") | BA1: =IF(interventions!$A53<>"",interventions!$A53&"_effect","") | BB1: =IF(interventions!$A54<>"",interventions!$A54&"_effect","") | BC1: =IF(interventions!$A55<>"",interventions!$A55&"_effect","") | BD1: =IF(interventions!$A56<>"",interventions!$A56&"_effect","") | BE1: =IF(interventions!$A57<>"",interventions!$A57&"_effect","") | BF1: =IF(interventions!$A58<>"",interventions!$A58&"_effect","") | BG1: =IF(interventions!$A59<>"",interventions!$A59&"_effect","") | BH1: =IF(interventions!$A60<>"",interventions!$A60&"_effect","") | BI1: =IF(interventions!$A61<>"",interventions!$A61&"_effect","") | BJ1: =IF(interventions!$A62<>"",interventions!$A62&"_effect","") | BK1: =IF(interventions!$A63<>"",interventions!$A63&"_effect","") | BL1: =IF(interventions!$A64<>"",interventions!$A64&"_effect","") | BM1: =IF(interventions!$A65<>"",interventions!$A65&"_effect","") | BN1: =IF(interventions!$A66<>"",interventions!$A66&"_effect","") | BO1: =IF(interventions!$A67<>"",interventions!$A67&"_effect","") | BP1: =IF(interventions!$A68<>"",interventions!$A68&"_effect","") | BQ1: =IF(interventions!$A69<>"",interventions!$A69&"_effect","") | BR1: =IF(interventions!$A70<>"",interventions!$A70&"_effect","") | BS1: =IF(interventions!$A71<>"",interventions!$A71&"_effect","") | BT1: =IF(interventions!$A72<>"",interventions!$A72&"_effect","") | BU1: =IF(interventions!$A73<>"",interventions!$A73&"_effect","") | BV1: =IF(interventions!$A74<>"",interventions!$A74&"_effect","") | BW1: =IF(interventions!$A75<>"",interventions!$A75&"_effect","") | BX1: =IF(interventions!$A76<>"",interventions!$A76&"_effect","") | BY1: =IF(interventions!$A77<>"",interventions!$A77&"_effect","") | BZ1: =IF(interventions!$A78<>"",interventions!$A78&"_effect","") | CA1: =IF(interventions!$A79<>"",interventions!$A79&"_effect","") | CB1: =IF(interventions!$A80<>"",interventions!$A80&"_effect","") | CC1: =IF(interventions!$A81<>"",interventions!$A81&"_effect","") | CD1: =IF(interventions!$A82<>"",interventions!$A82&"_effect","") | CE1: =IF(interventions!$A83<>"",interventions!$A83&"_effect","") | CF1: =IF(interventions!$A84<>"",interventions!$A84&"_effect","") | CG1: =IF(interventions!$A85<>"",interventions!$A85&"_effect","") | CH1: =IF(interventions!$A86<>"",interventions!$A86&"_effect","") | CI1: =IF(interventions!$A87<>"",interventions!$A87&"_effect","") | CJ1: =IF(interventions!$A88<>"",interventions!$A88&"_effect","") | CK1: =IF(interventions!$A89<>"",interventions!$A89&"_effect","") | CL1: =IF(interventions!$A90<>"",interventions!$A90&"_effect","") | CM1: =IF(interventions!$A91<>"",interventions!$A91&"_effect","") | CN1: =IF(interventions!$A92<>"",interventions!$A92&"_effect","") | CO1: =IF(interventions!$A93<>"",interventions!$A93&"_effect","") | CP1: =IF(interventions!$A94<>"",interventions!$A94&"_effect","") | CQ1: =IF(interventions!$A95<>"",interventions!$A95&"_effect","") | CR1: =IF(interventions!$A96<>"",interventions!$A96&"_effect","") | CS1: =IF(interventions!$A97<>"",interventions!$A97&"_effect","") | CT1: =IF(interventions!$A98<>"",interventions!$A98&"_effect","") | CU1: =IF(interventions!$A99<>"",interventions!$A99&"_effect","") | CV1: =IF(interventions!$A100<>"",interventions!$A100&"_effect","") | CW1: =IF(interventions!$A101<>"",interventions!$A101&"_effect","") | CX1: =IF(interventions!$A102<>"",interventions!$A102&"_effect","") | CY1: =IF(interventions!$A103<>"",interventions!$A103&"_effect","") | CZ1: =IF(interventions!$A104<>"",interventions!$A104&"_effect","") | DA1: =IF(interventions!$A105<>"",interventions!$A105&"_effect","") | DB1: =IF(interventions!$A106<>"",interventions!$A106&"_effect","") | DC1: =IF(interventions!$A107<>"",interventions!$A107&"_effect","") | DD1: =IF(interventions!$A108<>"",interventions!$A108&"_effect","") | DE1: =IF(interventions!$A109<>"",interventions!$A109&"_effect","") | DF1: =IF(interventions!$A110<>"",interventions!$A110&"_effect","") | DG1: =IF(interventions!$A111<>"",interventions!$A111&"_effect","") | DH1: =IF(interventions!$A112<>"",interventions!$A112&"_effect","") | DI1: =IF(interventions!$A113<>"",interventions!$A113&"_effect","") | DJ1: =IF(interventions!$A114<>"",interventions!$A114&"_effect","") | DK1: =IF(interventions!$A115<>"",interventions!$A115&"_effect","") | DL1: =IF(interventions!$A116<>"",interventions!$A116&"_effect","") | DM1: =IF(interventions!$A117<>"",interventions!$A117&"_effect","") | DN1: =IF(interventions!$A118<>"",interventions!$A118&"_effect","") | DO1: =IF(interventions!$A119<>"",interventions!$A119&"_effect","") | DP1: =IF(interventions!$A120<>"",interventions!$A120&"_effect","") | DQ1: =IF(interventions!$A121<>"",interventions!$A121&"_effect","") | DR1: =IF(interventions!$A122<>"",interventions!$A122&"_effect","") | DS1: =IF(interventions!$A123<>"",interventions!$A123&"_effect","") | DT1: =IF(interventions!$A124<>"",interventions!$A124&"_effect","") | DU1: =IF(interventions!$A125<>"",interventions!$A125&"_effect","") | DV1: =IF(interventions!$A126<>"",interventions!$A126&"_effect","") | DW1: =IF(interventions!$A127<>"",interventions!$A127&"_effect","") | DX1: =IF(interventions!$A128<>"",interventions!$A128&"_effect","") | DY1: =IF(interventions!$A129<>"",interventions!$A129&"_effect","") | DZ1: =IF(interventions!$A130<>"",interventions!$A130&"_effect","") | EA1: =IF(interventions!$A131<>"",interventions!$A131&"_effect","") | EB1: =IF(interventions!$A132<>"",interventions!$A132&"_effect","") | EC1: =IF(interventions!$A133<>"",interventions!$A133&"_effect","") | ED1: =IF(interventions!$A134<>"",interventions!$A134&"_effect","") | EE1: =IF(interventions!$A135<>"",interventions!$A135&"_effect","") | EF1: =IF(interventions!$A136<>"",interventions!$A136&"_effect","") | EG1: =IF(interventions!$A137<>"",interventions!$A137&"_effect","") | EH1: =IF(interventions!$A138<>"",interventions!$A138&"_effect","") | EI1: =IF(interventions!$A139<>"",interventions!$A139&"_effect","") | EJ1: =IF(interventions!$A140<>"",interventions!$A140&"_effect","") | EK1: =IF(interventions!$A141<>"",interventions!$A141&"_effect","") | EL1: =IF(interventions!$A142<>"",interventions!$A142&"_effect","") | EM1: =IF(interventions!$A143<>"",interventions!$A143&"_effect","") | EN1: =IF(interventions!$A144<>"",interventions!$A144&"_effect","") | EO1: =IF(interventions!$A145<>"",interventions!$A145&"_effect","") | EP1: =IF(interventions!$A146<>"",interventions!$A146&"_effect","") | EQ1: =IF(interventions!$A147<>"",interventions!$A147&"_effect","") | ER1: =IF(interventions!$A148<>"",interventions!$A148&"_effect","") | ES1: =IF(interventions!$A149<>"",interventions!$A149&"_effect","") | ET1: =IF(interventions!$A150<>"",interventions!$A150&"_effect","") | EU1: =IF(interventions!$A151<>"",interventions!$A151&"_effect","") | EV1: =IF(interventions!$A152<>"",interventions!$A152&"_effect","") | EW1: =IF(interventions!$A153<>"",interventions!$A153&"_effect","") | EX1: =IF(interventions!$A154<>"",interventions!$A154&"_effect","") | EY1: =IF(interventions!$A155<>"",interventions!$A155&"_effect","") | EZ1: =IF(interventions!$A156<>"",interventions!$A156&"_effect","") | FA1: =IF(interventions!$A157<>"",interventions!$A157&"_effect","") | FB1: =IF(interventions!$A158<>"",interventions!$A158&"_effect","") | FC1: =IF(interventions!$A159<>"",interventions!$A159&"_effect","") | FD1: =IF(interventions!$A160<>"",interventions!$A160&"_effect","") | FE1: =IF(interventions!$A161<>"",interventions!$A161&"_effect","") | FF1: =IF(interventions!$A162<>"",interventions!$A162&"_effect","") | FG1: =IF(interventions!$A163<>"",interventions!$A163&"_effect","") | FH1: =IF(interventions!$A164<>"",interventions!$A164&"_effect","") | FI1: =IF(interventions!$A165<>"",interventions!$A165&"_effect","") | FJ1: =IF(interventions!$A166<>"",interventions!$A166&"_effect","") | FK1: =IF(interventions!$A167<>"",interventions!$A167&"_effect","") | FL1: =IF(interventions!$A168<>"",interventions!$A168&"_effect","") | FM1: =IF(interventions!$A169<>"",interventions!$A169&"_effect","") | FN1: =IF(interventions!$A170<>"",interventions!$A170&"_effect","") | FO1: =IF(interventions!$A171<>"",interventions!$A171&"_effect","") | FP1: =IF(interventions!$A172<>"",interventions!$A172&"_effect","") | FQ1: =IF(interventions!$A173<>"",interventions!$A173&"_effect","") | FR1: =IF(interventions!$A174<>"",interventions!$A174&"_effect","") | FS1: =IF(interventions!$A175<>"",interventions!$A175&"_effect","") | FT1: =IF(interventions!$A176<>"",interventions!$A176&"_effect","") | FU1: =IF(interventions!$A177<>"",interventions!$A177&"_effect","") | FV1: =IF(interventions!$A178<>"",interventions!$A178&"_effect","") | FW1: =IF(interventions!$A179<>"",interventions!$A179&"_effect","") | FX1: =IF(interventions!$A180<>"",interventions!$A180&"_effect","") | FY1: =IF(interventions!$A181<>"",interventions!$A181&"_effect","") | FZ1: =IF(interventions!$A182<>"",interventions!$A182&"_effect","") | GA1: =IF(interventions!$A183<>"",interventions!$A183&"_effect","") | GB1: =IF(interventions!$A184<>"",interventions!$A184&"_effect","") | GC1: =IF(interventions!$A185<>"",interventions!$A185&"_effect","") | GD1: =IF(interventions!$A186<>"",interventions!$A186&"_effect","") | GE1: =IF(interventions!$A187<>"",interventions!$A187&"_effect","") | GF1: =IF(interventions!$A188<>"",interventions!$A188&"_effect","") | GG1: =IF(interventions!$A189<>"",interventions!$A189&"_effect","") | GH1: =IF(interventions!$A190<>"",interventions!$A190&"_effect","") | GI1: =IF(interventions!$A191<>"",interventions!$A191&"_effect","") | GJ1: =IF(interventions!$A192<>"",interventions!$A192&"_effect","") | GK1: =IF(interventions!$A193<>"",interventions!$A193&"_effect","") | GL1: =IF(interventions!$A194<>"",interventions!$A194&"_effect","") | GM1: =IF(interventions!$A195<>"",interventions!$A195&"_effect","") | GN1: =IF(interventions!$A196<>"",interventions!$A196&"_effect","") | GO1: =IF(interventions!$A197<>"",interventions!$A197&"_effect","") | GP1: =IF(interventions!$A198<>"",interventions!$A198&"_effect","") | GQ1: =IF(interventions!$A199<>"",interventions!$A199&"_effect","") | GR1: =IF(interventions!$A200<>"",interventions!$A200&"_effect","") | GS1: =IF(interventions!$A201<>"",interventions!$A201&"_effect","") | GT1: =IF(interventions!$A202<>"",interventions!$A202&"_effect","") | GU1: =IF(interventions!$A203<>"",interventions!$A203&"_effect","") | GV1: =IF(interventions!$A204<>"",interventions!$A204&"_effect","") | GW1: =IF(interventions!$A205<>"",interventions!$A205&"_effect","") | GX1: =IF(interventions!$A206<>"",interventions!$A206&"_effect","") | GY1: =IF(interventions!$A207<>"",interventions!$A207&"_effect","") | GZ1: =IF(interventions!$A208<>"",interventions!$A208&"_effect","") | HA1: =IF(interventions!$A209<>"",interventions!$A209&"_effect","") | HB1: =IF(interventions!$A210<>"",interventions!$A210&"_effect","") | HC1: =IF(interventions!$A211<>"",interventions!$A211&"_effect","") | HD1: =IF(interventions!$A212<>"",interventions!$A212&"_effect","") | HE1: =IF(interventions!$A213<>"",interventions!$A213&"_effect","") | HF1: =IF(interventions!$A214<>"",interventions!$A214&"_effect","") | HG1: =IF(interventions!$A215<>"",interventions!$A215&"_effect","") | HH1: =IF(interventions!$A216<>"",interventions!$A216&"_effect","") | HI1: =IF(interventions!$A217<>"",interventions!$A217&"_effect","") | HJ1: =IF(interventions!$A218<>"",interventions!$A218&"_effect","") | HK1: =IF(interventions!$A219<>"",interventions!$A219&"_effect","") | HL1: =IF(interventions!$A220<>"",interventions!$A220&"_effect","") | HM1: =IF(interventions!$A221<>"",interventions!$A221&"_effect","") | HN1: =IF(interventions!$A222<>"",interventions!$A222&"_effect","") | HO1: =IF(interventions!$A223<>"",interventions!$A223&"_effect","") | HP1: =IF(interventions!$A224<>"",interventions!$A224&"_effect","") | HQ1: =IF(interventions!$A225<>"",interventions!$A225&"_effect","") | HR1: =IF(interventions!$A226<>"",interventions!$A226&"_effect","") | HS1: =IF(interventions!$A227<>"",interventions!$A227&"_effect","") | HT1: =IF(interventions!$A228<>"",interventions!$A228&"_effect","") | HU1: =IF(interventions!$A229<>"",interventions!$A229&"_effect","") | HV1: =IF(interventions!$A230<>"",interventions!$A230&"_effect","") | HW1: =IF(interventions!$A231<>"",interventions!$A231&"_effect","") | HX1: =IF(interventions!$A232<>"",interventions!$A232&"_effect","") | HY1: =IF(interventions!$A233<>"",interventions!$A233&"_effect","") | HZ1: =IF(interventions!$A234<>"",interventions!$A234&"_effect","") | IA1: =IF(interventions!$A235<>"",interventions!$A235&"_effect","") | IB1: =IF(interventions!$A236<>"",interventions!$A236&"_effect","") | IC1: =IF(interventions!$A237<>"",interventions!$A237&"_effect","") | ID1: =IF(interventions!$A238<>"",interventions!$A238&"_effect","") | IE1: =IF(interventions!$A239<>"",interventions!$A239&"_effect","") | IF1: =IF(interventions!$A240<>"",interventions!$A240&"_effect","") | IG1: =IF(interventions!$A241<>"",interventions!$A241&"_effect","") | IH1: =IF(interventions!$A242<>"",interventions!$A242&"_effect","") | II1: =IF(interventions!$A243<>"",interventions!$A243&"_effect","") | IJ1: =IF(interventions!$A244<>"",interventions!$A244&"_effect","") | IK1: =IF(interventions!$A245<>"",interventions!$A245&"_effect","") | IL1: =IF(interventions!$A246<>"",interventions!$A246&"_effect","") | IM1: =IF(interventions!$A247<>"",interventions!$A247&"_effect","") | IN1: =IF(interventions!$A248<>"",interventions!$A248&"_effect","") | IO1: =IF(interventions!$A249<>"",interventions!$A249&"_effect","") | IP1: =IF(interventions!$A250<>"",interventions!$A250&"_effect","") | IQ1: =IF(interventions!$A251<>"",interventions!$A251&"_effect","") | IR1: =IF(interventions!$A252<>"",interventions!$A252&"_effect","") | IS1: =IF(interventions!$A253<>"",interventions!$A253&"_effect","") | IT1: =IF(interventions!$A254<>"",interventions!$A254&"_effect","") | IU1: =IF(interventions!$A255<>"",interventions!$A255&"_effect","") | IV1: =IF(interventions!$A256<>"",interventions!$A256&"_effect","") | IW1: =IF(interventions!$A257<>"",interventions!$A257&"_effect","") | IX1: =IF(interventions!$A258<>"",interventions!$A258&"_effect","") | IY1: =IF(interventions!$A259<>"",interventions!$A259&"_effect","") | IZ1: =IF(interventions!$A260<>"",interventions!$A260&"_effect","") | JA1: =IF(interventions!$A261<>"",interventions!$A261&"_effect","") | JB1: =IF(interventions!$A262<>"",interventions!$A262&"_effect","") | JC1: =IF(interventions!$A263<>"",interventions!$A263&"_effect","") | JD1: =IF(interventions!$A264<>"",interventions!$A264&"_effect","") | JE1: =IF(interventions!$A265<>"",interventions!$A265&"_effect","") | JF1: =IF(interventions!$A266<>"",interventions!$A266&"_effect","") | JG1: =IF(interventions!$A267<>"",interventions!$A267&"_effect","") | JH1: =IF(interventions!$A268<>"",interventions!$A268&"_effect","") | JI1: =IF(interventions!$A269<>"",interventions!$A269&"_effect","") | JJ1: =IF(interventions!$A270<>"",interventions!$A270&"_effect","") | JK1: =IF(interventions!$A271<>"",interventions!$A271&"_effect","") | JL1: =IF(interventions!$A272<>"",interventions!$A272&"_effect","") | JM1: =IF(interventions!$A273<>"",interventions!$A273&"_effect","") | JN1: =IF(interventions!$A274<>"",interventions!$A274&"_effect","") | JO1: =IF(interventions!$A275<>"",interventions!$A275&"_effect","") | JP1: =IF(interventions!$A276<>"",interventions!$A276&"_effect","") | JQ1: =IF(interventions!$A277<>"",interventions!$A277&"_effect","") | JR1: =IF(interventions!$A278<>"",interventions!$A278&"_effect","") | JS1: =IF(interventions!$A279<>"",interventions!$A279&"_effect","") | JT1: =IF(interventions!$A280<>"",interventions!$A280&"_effect","") | JU1: =IF(interventions!$A281<>"",interventions!$A281&"_effect","") | JV1: =IF(interventions!$A282<>"",interventions!$A282&"_effect","") | JW1: =IF(interventions!$A283<>"",interventions!$A283&"_effect","") | JX1: =IF(interventions!$A284<>"",interventions!$A284&"_effect","") | JY1: =IF(interventions!$A285<>"",interventions!$A285&"_effect","") | JZ1: =IF(interventions!$A286<>"",interventions!$A286&"_effect","") | KA1: =IF(interventions!$A287<>"",interventions!$A287&"_effect","") | KB1: =IF(interventions!$A288<>"",interventions!$A288&"_effect","") | KC1: =IF(interventions!$A289<>"",interventions!$A289&"_effect","") | KD1: =IF(interventions!$A290<>"",interventions!$A290&"_effect","") | KE1: =IF(interventions!$A291<>"",interventions!$A291&"_effect","") | KF1: =IF(interventions!$A292<>"",interventions!$A292&"_effect","") | KG1: =IF(interventions!$A293<>"",interventions!$A293&"_effect","") | KH1: =IF(interventions!$A294<>"",interventions!$A294&"_effect","") | KI1: =IF(interventions!$A295<>"",interventions!$A295&"_effect","") | KJ1: =IF(interventions!$A296<>"",interventions!$A296&"_effect","")
A2: =IF(facility!$A2<>"",facility!$A2,"") -> Mt_Darwin | B2: 0.12 | C2: 0.08 | D2: 0.02 | E2: 0.03 | F2: 0.01 | G2: 0.06 | H2: 0.32 | I2: 0.5 | J2: 0.015 | K2: 0.03 | L2: 0.02 | M2: 0.01
A3: =IF(facility!$A3<>"",facility!$A3,"")
A4: =IF(facility!$A4<>"",facility!$A4,"")
A5: =IF(facility!$A5<>"",facility!$A5,"")
A6: =IF(facility!$A6<>"",facility!$A6,"")
A7: =IF(facility!$A7<>"",facility!$A7,"")
A8: =IF(facility!$A8<>"",facility!$A8,"")
A9: =IF(facility!$A9<>"",facility!$A9,"")
A10: =IF(facility!$A10<>"",facility!$A10,"")
A11: =IF(facility!$A11<>"",facility!$A11,"")
A12: =IF(facility!$A12<>"",facility!$A12,"")
A13: =IF(facility!$A13<>"",facility!$A13,"")
A14: =IF(facility!$A14<>"",facility!$A14,"")
... A309: =IF(facility!$A309<>"",facility!$A309,"")

Sheet implementation costs
A1: facilities | B1: =IF(interventions!$A2<>"",interventions!$A2&"_cost","") -> solar_system1_cost | C1: =IF(interventions!$A3<>"",interventions!$A3&"_cost","") -> led_light1_cost | D1: =IF(interventions!$A4<>"",interventions!$A4&"_cost","") -> energy_efficient_fridge1_cost | E1: =IF(interventions!$A5<>"",interventions!$A5&"_cost","") -> energy_efficient_fridge_multi5_cost | F1: =IF(interventions!$A6<>"",interventions!$A6&"_cost","") -> laundry_machine_cost | G1: =IF(interventions!$A7<>"",interventions!$A7&"_cost","") -> energy_efficient_ac_multi1_cost | H1: =IF(interventions!$A8<>"",interventions!$A8&"_cost","") -> energy_efficient_ac_multi5_cost | I1: =IF(interventions!$A9<>"",interventions!$A9&"_cost","") -> energy_efficient_ac_multi10_cost | J1: =IF(interventions!$A10<>"",interventions!$A10&"_cost","") -> tree_planting_multi100_cost | K1: =IF(interventions!$A11<>"",interventions!$A11&"_cost","") -> tree_planting_multi200_cost | L1: =IF(interventions!$A12<>"",interventions!$A12&"_cost","") -> waste_segregation_cost | M1: =IF(interventions!$A13<>"",interventions!$A13&"_cost","") -> staff_training_awareness_cost | N1: =IF(interventions!$A14<>"",interventions!$A14&"_cost","") | O1: =IF(interventions!$A15<>"",interventions!$A15&"_cost","") | P1: =IF(interventions!$A16<>"",interventions!$A16&"_cost","") | Q1: =IF(interventions!$A17<>"",interventions!$A17&"_cost","") | R1: =IF(interventions!$A18<>"",interventions!$A18&"_cost","") | S1: =IF(interventions!$A19<>"",interventions!$A19&"_cost","") | T1: =IF(interventions!$A20<>"",interventions!$A20&"_cost","") | U1: =IF(interventions!$A21<>"",interventions!$A21&"_cost","") | V1: =IF(interventions!$A22<>"",interventions!$A22&"_cost","") | W1: =IF(interventions!$A23<>"",interventions!$A23&"_cost","") | X1: =IF(interventions!$A24<>"",interventions!$A24&"_cost","") | Y1: =IF(interventions!$A25<>"",interventions!$A25&"_cost","") | Z1: =IF(interventions!$A26<>"",interventions!$A26&"_cost","") | AA1: =IF(interventions!$A27<>"",interventions!$A27&"_cost","") | AB1: =IF(interventions!$A28<>"",interventions!$A28&"_cost","") | AC1: =IF(interventions!$A29<>"",interventions!$A29&"_cost","") | AD1: =IF(interventions!$A30<>"",interventions!$A30&"_cost","") | AE1: =IF(interventions!$A31<>"",interventions!$A31&"_cost","") | AF1: =IF(interventions!$A32<>"",interventions!$A32&"_cost","") | AG1: =IF(interventions!$A33<>"",interventions!$A33&"_cost","") | AH1: =IF(interventions!$A34<>"",interventions!$A34&"_cost","") | AI1: =IF(interventions!$A35<>"",interventions!$A35&"_cost","") | AJ1: =IF(interventions!$A36<>"",interventions!$A36&"_cost","") | AK1: =IF(interventions!$A37<>"",interventions!$A37&"_cost","") | AL1: =IF(interventions!$A38<>"",interventions!$A38&"_cost","") | AM1: =IF(interventions!$A39<>"",interventions!$A39&"_cost","") | AN1: =IF(interventions!$A40<>"",interventions!$A40&"_cost","") | AO1: =IF(interventions!$A41<>"",interventions!$A41&"_cost","") | AP1: =IF(interventions!$A42<>"",interventions!$A42&"_cost","") | AQ1: =IF(interventions!$A43<>"",interventions!$A43&"_cost","") | AR1: =IF(interventions!$A44<>"",interventions!$A44&"_cost","") | AS1: =IF(interventions!$A45<>"",interventions!$A45&"_cost","") | AT1: =IF(interventions!$A46<>"",interventions!$A46&"_cost","") | AU1: =IF(interventions!$A47<>"",interventions!$A47&"_cost","") | AV1: =IF(interventions!$A48<>"",interventions!$A48&"_cost","") | AW1: =IF(interventions!$A49<>"",interventions!$A49&"_cost","") | AX1: =IF(interventions!$A50<>"",interventions!$A50&"_cost","") | AY1: =IF(interventions!$A51<>"",interventions!$A51&"_cost","") | AZ1: =IF(interventions!$A52<>"",interventions!$A52&"_cost","") | BA1: =IF(interventions!$A53<>"",interventions!$A53&"_cost","") | BB1: =IF(interventions!$A54<>"",interventions!$A54&"_cost","") | BC1: =IF(interventions!$A55<>"",interventions!$A55&"_cost","") | BD1: =IF(interventions!$A56<>"",interventions!$A56&"_cost","") | BE1: =IF(interventions!$A57<>"",interventions!$A57&"_cost","") | BF1: =IF(interventions!$A58<>"",interventions!$A58&"_cost","") | BG1: =IF(interventions!$A59<>"",interventions!$A59&"_cost","") | BH1: =IF(interventions!$A60<>"",interventions!$A60&"_cost","") | BI1: =IF(interventions!$A61<>"",interventions!$A61&"_cost","") | BJ1: =IF(interventions!$A62<>"",interventions!$A62&"_cost","") | BK1: =IF(interventions!$A63<>"",interventions!$A63&"_cost","") | BL1: =IF(interventions!$A64<>"",interventions!$A64&"_cost","") | BM1: =IF(interventions!$A65<>"",interventions!$A65&"_cost","") | BN1: =IF(interventions!$A66<>"",interventions!$A66&"_cost","") | BO1: =IF(interventions!$A67<>"",interventions!$A67&"_cost","") | BP1: =IF(interventions!$A68<>"",interventions!$A68&"_cost","") | BQ1: =IF(interventions!$A69<>"",interventions!$A69&"_cost","") | BR1: =IF(interventions!$A70<>"",interventions!$A70&"_cost","") | BS1: =IF(interventions!$A71<>"",interventions!$A71&"_cost","") | BT1: =IF(interventions!$A72<>"",interventions!$A72&"_cost","") | BU1: =IF(interventions!$A73<>"",interventions!$A73&"_cost","") | BV1: =IF(interventions!$A74<>"",interventions!$A74&"_cost","") | BW1: =IF(interventions!$A75<>"",interventions!$A75&"_cost","") | BX1: =IF(interventions!$A76<>"",interventions!$A76&"_cost","") | BY1: =IF(interventions!$A77<>"",interventions!$A77&"_cost","") | BZ1: =IF(interventions!$A78<>"",interventions!$A78&"_cost","") | CA1: =IF(interventions!$A79<>"",interventions!$A79&"_cost","") | CB1: =IF(interventions!$A80<>"",interventions!$A80&"_cost","") | CC1: =IF(interventions!$A81<>"",interventions!$A81&"_cost","") | CD1: =IF(interventions!$A82<>"",interventions!$A82&"_cost","") | CE1: =IF(interventions!$A83<>"",interventions!$A83&"_cost","") | CF1: =IF(interventions!$A84<>"",interventions!$A84&"_cost","") | CG1: =IF(interventions!$A85<>"",interventions!$A85&"_cost","") | CH1: =IF(interventions!$A86<>"",interventions!$A86&"_cost","") | CI1: =IF(interventions!$A87<>"",interventions!$A87&"_cost","") | CJ1: =IF(interventions!$A88<>"",interventions!$A88&"_cost","") | CK1: =IF(interventions!$A89<>"",interventions!$A89&"_cost","") | CL1: =IF(interventions!$A90<>"",interventions!$A90&"_cost","") | CM1: =IF(interventions!$A91<>"",interventions!$A91&"_cost","") | CN1: =IF(interventions!$A92<>"",interventions!$A92&"_cost","") | CO1: =IF(interventions!$A93<>"",interventions!$A93&"_cost","") | CP1: =IF(interventions!$A94<>"",interventions!$A94&"_cost","") | CQ1: =IF(interventions!$A95<>"",interventions!$A95&"_cost","") | CR1: =IF(interventions!$A96<>"",interventions!$A96&"_cost","") | CS1: =IF(interventions!$A97<>"",interventions!$A97&"_cost","") | CT1: =IF(interventions!$A98<>"",interventions!$A98&"_cost","") | CU1: =IF(interventions!$A99<>"",interventions!$A99&"_cost","") | CV1: =IF(interventions!$A100<>"",interventions!$A100&"_cost","") | CW1: =IF(interventions!$A101<>"",interventions!$A101&"_cost","") | CX1: =IF(interventions!$A102<>"",interventions!$A102&"_cost","") | CY1: =IF(interventions!$A103<>"",interventions!$A103&"_cost","") | CZ1: =IF(interventions!$A104<>"",interventions!$A104&"_cost","") | DA1: =IF(interventions!$A105<>"",interventions!$A105&"_cost","") | DB1: =IF(interventions!$A106<>"",interventions!$A106&"_cost","") | DC1: =IF(interventions!$A107<>"",interventions!$A107&"_cost","") | DD1: =IF(interventions!$A108<>"",interventions!$A108&"_cost","") | DE1: =IF(interventions!$A109<>"",interventions!$A109&"_cost","") | DF1: =IF(interventions!$A110<>"",interventions!$A110&"_cost","") | DG1: =IF(interventions!$A111<>"",interventions!$A111&"_cost","") | DH1: =IF(interventions!$A112<>"",interventions!$A112&"_cost","") | DI1: =IF(interventions!$A113<>"",interventions!$A113&"_cost","") | DJ1: =IF(interventions!$A114<>"",interventions!$A114&"_cost","") | DK1: =IF(interventions!$A115<>"",interventions!$A115&"_cost","") | DL1: =IF(interventions!$A116<>"",interventions!$A116&"_cost","") | DM1: =IF(interventions!$A117<>"",interventions!$A117&"_cost","") | DN1: =IF(interventions!$A118<>"",interventions!$A118&"_cost","") | DO1: =IF(interventions!$A119<>"",interventions!$A119&"_cost","") | DP1: =IF(interventions!$A120<>"",interventions!$A120&"_cost","") | DQ1: =IF(interventions!$A121<>"",interventions!$A121&"_cost","") | DR1: =IF(interventions!$A122<>"",interventions!$A122&"_cost","") | DS1: =IF(interventions!$A123<>"",interventions!$A123&"_cost","") | DT1: =IF(interventions!$A124<>"",interventions!$A124&"_cost","") | DU1: =IF(interventions!$A125<>"",interventions!$A125&"_cost","") | DV1: =IF(interventions!$A126<>"",interventions!$A126&"_cost","") | DW1: =IF(interventions!$A127<>"",interventions!$A127&"_cost","") | DX1: =IF(interventions!$A128<>"",interventions!$A128&"_cost","") | DY1: =IF(interventions!$A129<>"",interventions!$A129&"_cost","") | DZ1: =IF(interventions!$A130<>"",interventions!$A130&"_cost","") | EA1: =IF(interventions!$A131<>"",interventions!$A131&"_cost","") | EB1: =IF(interventions!$A132<>"",interventions!$A132&"_cost","") | EC1: =IF(interventions!$A133<>"",interventions!$A133&"_cost","") | ED1: =IF(interventions!$A134<>"",interventions!$A134&"_cost","") | EE1: =IF(interventions!$A135<>"",interventions!$A135&"_cost","") | EF1: =IF(interventions!$A136<>"",interventions!$A136&"_cost","") | EG1: =IF(interventions!$A137<>"",interventions!$A137&"_cost","") | EH1: =IF(interventions!$A138<>"",interventions!$A138&"_cost","") | EI1: =IF(interventions!$A139<>"",interventions!$A139&"_cost","") | EJ1: =IF(interventions!$A140<>"",interventions!$A140&"_cost","") | EK1: =IF(interventions!$A141<>"",interventions!$A141&"_cost","") | EL1: =IF(interventions!$A142<>"",interventions!$A142&"_cost","") | EM1: =IF(interventions!$A143<>"",interventions!$A143&"_cost","") | EN1: =IF(interventions!$A144<>"",interventions!$A144&"_cost","") | EO1: =IF(interventions!$A145<>"",interventions!$A145&"_cost","") | EP1: =IF(interventions!$A146<>"",interventions!$A146&"_cost","") | EQ1: =IF(interventions!$A147<>"",interventions!$A147&"_cost","") | ER1: =IF(interventions!$A148<>"",interventions!$A148&"_cost","") | ES1: =IF(interventions!$A149<>"",interventions!$A149&"_cost","") | ET1: =IF(interventions!$A150<>"",interventions!$A150&"_cost","") | EU1: =IF(interventions!$A151<>"",interventions!$A151&"_cost","") | EV1: =IF(interventions!$A152<>"",interventions!$A152&"_cost","") | EW1: =IF(interventions!$A153<>"",interventions!$A153&"_cost","") | EX1: =IF(interventions!$A154<>"",interventions!$A154&"_cost","") | EY1: =IF(interventions!$A155<>"",interventions!$A155&"_cost","") | EZ1: =IF(interventions!$A156<>"",interventions!$A156&"_cost","") | FA1: =IF(interventions!$A157<>"",interventions!$A157&"_cost","") | FB1: =IF(interventions!$A158<>"",interventions!$A158&"_cost","") | FC1: =IF(interventions!$A159<>"",interventions!$A159&"_cost","") | FD1: =IF(interventions!$A160<>"",interventions!$A160&"_cost","") | FE1: =IF(interventions!$A161<>"",interventions!$A161&"_cost","") | FF1: =IF(interventions!$A162<>"",interventions!$A162&"_cost","") | FG1: =IF(interventions!$A163<>"",interventions!$A163&"_cost","") | FH1: =IF(interventions!$A164<>"",interventions!$A164&"_cost","") | FI1: =IF(interventions!$A165<>"",interventions!$A165&"_cost","") | FJ1: =IF(interventions!$A166<>"",interventions!$A166&"_cost","") | FK1: =IF(interventions!$A167<>"",interventions!$A167&"_cost","") | FL1: =IF(interventions!$A168<>"",interventions!$A168&"_cost","") | FM1: =IF(interventions!$A169<>"",interventions!$A169&"_cost","") | FN1: =IF(interventions!$A170<>"",interventions!$A170&"_cost","") | FO1: =IF(interventions!$A171<>"",interventions!$A171&"_cost","") | FP1: =IF(interventions!$A172<>"",interventions!$A172&"_cost","") | FQ1: =IF(interventions!$A173<>"",interventions!$A173&"_cost","") | FR1: =IF(interventions!$A174<>"",interventions!$A174&"_cost","") | FS1: =IF(interventions!$A175<>"",interventions!$A175&"_cost","") | FT1: =IF(interventions!$A176<>"",interventions!$A176&"_cost","") | FU1: =IF(interventions!$A177<>"",interventions!$A177&"_cost","") | FV1: =IF(interventions!$A178<>"",interventions!$A178&"_cost","") | FW1: =IF(interventions!$A179<>"",interventions!$A179&"_cost","") | FX1: =IF(interventions!$A180<>"",interventions!$A180&"_cost","") | FY1: =IF(interventions!$A181<>"",interventions!$A181&"_cost","") | FZ1: =IF(interventions!$A182<>"",interventions!$A182&"_cost","") | GA1: =IF(interventions!$A183<>"",interventions!$A183&"_cost","") | GB1: =IF(interventions!$A184<>"",interventions!$A184&"_cost","") | GC1: =IF(interventions!$A185<>"",interventions!$A185&"_cost","") | GD1: =IF(interventions!$A186<>"",interventions!$A186&"_cost","") | GE1: =IF(interventions!$A187<>"",interventions!$A187&"_cost","") | GF1: =IF(interventions!$A188<>"",interventions!$A188&"_cost","") | GG1: =IF(interventions!$A189<>"",interventions!$A189&"_cost","") | GH1: =IF(interventions!$A190<>"",interventions!$A190&"_cost","") | GI1: =IF(interventions!$A191<>"",interventions!$A191&"_cost","") | GJ1: =IF(interventions!$A192<>"",interventions!$A192&"_cost","") | GK1: =IF(interventions!$A193<>"",interventions!$A193&"_cost","") | GL1: =IF(interventions!$A194<>"",interventions!$A194&"_cost","") | GM1: =IF(interventions!$A195<>"",interventions!$A195&"_cost","") | GN1: =IF(interventions!$A196<>"",interventions!$A196&"_cost","") | GO1: =IF(interventions!$A197<>"",interventions!$A197&"_cost","") | GP1: =IF(interventions!$A198<>"",interventions!$A198&"_cost","") | GQ1: =IF(interventions!$A199<>"",interventions!$A199&"_cost","") | GR1: =IF(interventions!$A200<>"",interventions!$A200&"_cost","") | GS1: =IF(interventions!$A201<>"",interventions!$A201&"_cost","") | GT1: =IF(interventions!$A202<>"",interventions!$A202&"_cost","") | GU1: =IF(interventions!$A203<>"",interventions!$A203&"_cost","") | GV1: =IF(interventions!$A204<>"",interventions!$A204&"_cost","") | GW1: =IF(interventions!$A205<>"",interventions!$A205&"_cost","") | GX1: =IF(interventions!$A206<>"",interventions!$A206&"_cost","") | GY1: =IF(interventions!$A207<>"",interventions!$A207&"_cost","") | GZ1: =IF(interventions!$A208<>"",interventions!$A208&"_cost","") | HA1: =IF(interventions!$A209<>"",interventions!$A209&"_cost","") | HB1: =IF(interventions!$A210<>"",interventions!$A210&"_cost","") | HC1: =IF(interventions!$A211<>"",interventions!$A211&"_cost","") | HD1: =IF(interventions!$A212<>"",interventions!$A212&"_cost","") | HE1: =IF(interventions!$A213<>"",interventions!$A213&"_cost","") | HF1: =IF(interventions!$A214<>"",interventions!$A214&"_cost","") | HG1: =IF(interventions!$A215<>"",interventions!$A215&"_cost","") | HH1: =IF(interventions!$A216<>"",interventions!$A216&"_cost","") | HI1: =IF(interventions!$A217<>"",interventions!$A217&"_cost","") | HJ1: =IF(interventions!$A218<>"",interventions!$A218&"_cost","") | HK1: =IF(interventions!$A219<>"",interventions!$A219&"_cost","") | HL1: =IF(interventions!$A220<>"",interventions!$A220&"_cost","") | HM1: =IF(interventions!$A221<>"",interventions!$A221&"_cost","") | HN1: =IF(interventions!$A222<>"",interventions!$A222&"_cost","") | HO1: =IF(interventions!$A223<>"",interventions!$A223&"_cost","") | HP1: =IF(interventions!$A224<>"",interventions!$A224&"_cost","") | HQ1: =IF(interventions!$A225<>"",interventions!$A225&"_cost","") | HR1: =IF(interventions!$A226<>"",interventions!$A226&"_cost","") | HS1: =IF(interventions!$A227<>"",interventions!$A227&"_cost","") | HT1: =IF(interventions!$A228<>"",interventions!$A228&"_cost","") | HU1: =IF(interventions!$A229<>"",interventions!$A229&"_cost","") | HV1: =IF(interventions!$A230<>"",interventions!$A230&"_cost","") | HW1: =IF(interventions!$A231<>"",interventions!$A231&"_cost","") | HX1: =IF(interventions!$A232<>"",interventions!$A232&"_cost","") | HY1: =IF(interventions!$A233<>"",interventions!$A233&"_cost","") | HZ1: =IF(interventions!$A234<>"",interventions!$A234&"_cost","") | IA1: =IF(interventions!$A235<>"",interventions!$A235&"_cost","") | IB1: =IF(interventions!$A236<>"",interventions!$A236&"_cost","") | IC1: =IF(interventions!$A237<>"",interventions!$A237&"_cost","") | ID1: =IF(interventions!$A238<>"",interventions!$A238&"_cost","") | IE1: =IF(interventions!$A239<>"",interventions!$A239&"_cost","") | IF1: =IF(interventions!$A240<>"",interventions!$A240&"_cost","") | IG1: =IF(interventions!$A241<>"",interventions!$A241&"_cost","") | IH1: =IF(interventions!$A242<>"",interventions!$A242&"_cost","") | II1: =IF(interventions!$A243<>"",interventions!$A243&"_cost","") | IJ1: =IF(interventions!$A244<>"",interventions!$A244&"_cost","") | IK1: =IF(interventions!$A245<>"",interventions!$A245&"_cost","") | IL1: =IF(interventions!$A246<>"",interventions!$A246&"_cost","") | IM1: =IF(interventions!$A247<>"",interventions!$A247&"_cost","") | IN1: =IF(interventions!$A248<>"",interventions!$A248&"_cost","") | IO1: =IF(interventions!$A249<>"",interventions!$A249&"_cost","") | IP1: =IF(interventions!$A250<>"",interventions!$A250&"_cost","") | IQ1: =IF(interventions!$A251<>"",interventions!$A251&"_cost","") | IR1: =IF(interventions!$A252<>"",interventions!$A252&"_cost","") | IS1: =IF(interventions!$A253<>"",interventions!$A253&"_cost","") | IT1: =IF(interventions!$A254<>"",interventions!$A254&"_cost","") | IU1: =IF(interventions!$A255<>"",interventions!$A255&"_cost","") | IV1: =IF(interventions!$A256<>"",interventions!$A256&"_cost","") | IW1: =IF(interventions!$A257<>"",interventions!$A257&"_cost","") | IX1: =IF(interventions!$A258<>"",interventions!$A258&"_cost","") | IY1: =IF(interventions!$A259<>"",interventions!$A259&"_cost","") | IZ1: =IF(interventions!$A260<>"",interventions!$A260&"_cost","") | JA1: =IF(interventions!$A261<>"",interventions!$A261&"_cost","") | JB1: =IF(interventions!$A262<>"",interventions!$A262&"_cost","") | JC1: =IF(interventions!$A263<>"",interventions!$A263&"_cost","") | JD1: =IF(interventions!$A264<>"",interventions!$A264&"_cost","") | JE1: =IF(interventions!$A265<>"",interventions!$A265&"_cost","") | JF1: =IF(interventions!$A266<>"",interventions!$A266&"_cost","") | JG1: =IF(interventions!$A267<>"",interventions!$A267&"_cost","") | JH1: =IF(interventions!$A268<>"",interventions!$A268&"_cost","") | JI1: =IF(interventions!$A269<>"",interventions!$A269&"_cost","") | JJ1: =IF(interventions!$A270<>"",interventions!$A270&"_cost","") | JK1: =IF(interventions!$A271<>"",interventions!$A271&"_cost","") | JL1: =IF(interventions!$A272<>"",interventions!$A272&"_cost","") | JM1: =IF(interventions!$A273<>"",interventions!$A273&"_cost","") | JN1: =IF(interventions!$A274<>"",interventions!$A274&"_cost","") | JO1: =IF(interventions!$A275<>"",interventions!$A275&"_cost","") | JP1: =IF(interventions!$A276<>"",interventions!$A276&"_cost","") | JQ1: =IF(interventions!$A277<>"",interventions!$A277&"_cost","") | JR1: =IF(interventions!$A278<>"",interventions!$A278&"_cost","") | JS1: =IF(interventions!$A279<>"",interventions!$A279&"_cost","") | JT1: =IF(interventions!$A280<>"",interventions!$A280&"_cost","") | JU1: =IF(interventions!$A281<>"",interventions!$A281&"_cost","") | JV1: =IF(interventions!$A282<>"",interventions!$A282&"_cost","") | JW1: =IF(interventions!$A283<>"",interventions!$A283&"_cost","") | JX1: =IF(interventions!$A284<>"",interventions!$A284&"_cost","") | JY1: =IF(interventions!$A285<>"",interventions!$A285&"_cost","") | JZ1: =IF(interventions!$A286<>"",interventions!$A286&"_cost","") | KA1: =IF(interventions!$A287<>"",interventions!$A287&"_cost","") | KB1: =IF(interventions!$A288<>"",interventions!$A288&"_cost","") | KC1: =IF(interventions!$A289<>"",interventions!$A289&"_cost","") | KD1: =IF(interventions!$A290<>"",interventions!$A290&"_cost","") | KE1: =IF(interventions!$A291<>"",interventions!$A291&"_cost","") | KF1: =IF(interventions!$A292<>"",interventions!$A292&"_cost","") | KG1: =IF(interventions!$A293<>"",interventions!$A293&"_cost","") | KH1: =IF(interventions!$A294<>"",interventions!$A294&"_cost","") | KI1: =IF(interventions!$A295<>"",interventions!$A295&"_cost","") | KJ1: =IF(interventions!$A296<>"",interventions!$A296&"_cost","")
A2: =IF(facility!$A2<>"",facility!$A2,"") -> Mt_Darwin | B2: 3100 | C2: ='[1]implementation costs'!$D$2 -> 700 | D2: ='[1]implementation costs'!$F$2 -> 900 | E2: =380*5 -> 1900 | F2: 900 | G2: 780 | H2: =G2*5 -> 3900 | I2: 7800 | J2: =K2/2 -> 812.5 | K2: 1625 | L2: 300 | M2: 1000
A3: =IF(facility!$A3<>"",facility!$A3,"")
A4: =IF(facility!$A4<>"",facility!$A4,"")
A5: =IF(facility!$A5<>"",facility!$A5,"")
A6: =IF(facility!$A6<>"",facility!$A6,"")
A7: =IF(facility!$A7<>"",facility!$A7,"")
A8: =IF(facility!$A8<>"",facility!$A8,"")
A9: =IF(facility!$A9<>"",facility!$A9,"")
A10: =IF(facility!$A10<>"",facility!$A10,"")
A11: =IF(facility!$A11<>"",facility!$A11,"")
A12: =IF(facility!$A12<>"",facility!$A12,"")
A13: =IF(facility!$A13<>"",facility!$A13,"")
A14: =IF(facility!$A14<>"",facility!$A14,"")
... A309: =IF(facility!$A309<>"",facility!$A309,"")

Sheet maintenance costs
A1: facilities | B1: =IF(interventions!$A2<>"",interventions!$A2&"_cost","") -> solar_system1_cost | C1: =IF(interventions!$A3<>"",interventions!$A3&"_cost","") -> led_light1_cost | D1: =IF(interventions!$A4<>"",interventions!$A4&"_cost","") -> energy_efficient_fridge1_cost | E1: =IF(interventions!$A5<>"",interventions!$A5&"_cost","") -> energy_efficient_fridge_multi5_cost | F1: =IF(interventions!$A6<>"",interventions!$A6&"_cost","") -> laundry_machine_cost | G1: =IF(interventions!$A7<>"",interventions!$A7&"_cost","") -> energy_efficient_ac_multi1_cost | H1: =IF(interventions!$A8<>"",interventions!$A8&"_cost","") -> energy_efficient_ac_multi5_cost | I1: =IF(interventions!$A9<>"",interventions!$A9&"_cost","") -> energy_efficient_ac_multi10_cost | J1: =IF(interventions!$A10<>"",interventions!$A10&"_cost","") -> tree_planting_multi100_cost | K1: =IF(interventions!$A11<>"",interventions!$A11&"_cost","") -> tree_planting_multi200_cost | L1: =IF(interventions!$A12<>"",interventions!$A12&"_cost","") -> waste_segregation_cost | M1: =IF(interventions!$A13<>"",interventions!$A13&"_cost","") -> staff_training_awareness_cost | N1: =IF(interventions!$A14<>"",interventions!$A14&"_cost","") | O1: =IF(interventions!$A15<>"",interventions!$A15&"_cost","") | P1: =IF(interventions!$A16<>"",interventions!$A16&"_cost","") | Q1: =IF(interventions!$A17<>"",interventions!$A17&"_cost","") | R1: =IF(interventions!$A18<>"",interventions!$A18&"_cost","") | S1: =IF(interventions!$A19<>"",interventions!$A19&"_cost","") | T1: =IF(interventions!$A20<>"",interventions!$A20&"_cost","") | U1: =IF(interventions!$A21<>"",interventions!$A21&"_cost","") | V1: =IF(interventions!$A22<>"",interventions!$A22&"_cost","") | W1: =IF(interventions!$A23<>"",interventions!$A23&"_cost","") | X1: =IF(interventions!$A24<>"",interventions!$A24&"_cost","") | Y1: =IF(interventions!$A25<>"",interventions!$A25&"_cost","") | Z1: =IF(interventions!$A26<>"",interventions!$A26&"_cost","") | AA1: =IF(interventions!$A27<>"",interventions!$A27&"_cost","") | AB1: =IF(interventions!$A28<>"",interventions!$A28&"_cost","") | AC1: =IF(interventions!$A29<>"",interventions!$A29&"_cost","") | AD1: =IF(interventions!$A30<>"",interventions!$A30&"_cost","") | AE1: =IF(interventions!$A31<>"",interventions!$A31&"_cost","") | AF1: =IF(interventions!$A32<>"",interventions!$A32&"_cost","") | AG1: =IF(interventions!$A33<>"",interventions!$A33&"_cost","") | AH1: =IF(interventions!$A34<>"",interventions!$A34&"_cost","") | AI1: =IF(interventions!$A35<>"",interventions!$A35&"_cost","") | AJ1: =IF(interventions!$A36<>"",interventions!$A36&"_cost","") | AK1: =IF(interventions!$A37<>"",interventions!$A37&"_cost","") | AL1: =IF(interventions!$A38<>"",interventions!$A38&"_cost","") | AM1: =IF(interventions!$A39<>"",interventions!$A39&"_cost","") | AN1: =IF(interventions!$A40<>"",interventions!$A40&"_cost","") | AO1: =IF(interventions!$A41<>"",interventions!$A41&"_cost","") | AP1: =IF(interventions!$A42<>"",interventions!$A42&"_cost","") | AQ1: =IF(interventions!$A43<>"",interventions!$A43&"_cost","") | AR1: =IF(interventions!$A44<>"",interventions!$A44&"_cost","") | AS1: =IF(interventions!$A45<>"",interventions!$A45&"_cost","") | AT1: =IF(interventions!$A46<>"",interventions!$A46&"_cost","") | AU1: =IF(interventions!$A47<>"",interventions!$A47&"_cost","") | AV1: =IF(interventions!$A48<>"",interventions!$A48&"_cost","") | AW1: =IF(interventions!$A49<>"",interventions!$A49&"_cost","") | AX1: =IF(interventions!$A50<>"",interventions!$A50&"_cost","") | AY1: =IF(interventions!$A51<>"",interventions!$A51&"_cost","") | AZ1: =IF(interventions!$A52<>"",interventions!$A52&"_cost","") | BA1: =IF(interventions!$A53<>"",interventions!$A53&"_cost","") | BB1: =IF(interventions!$A54<>"",interventions!$A54&"_cost","") | BC1: =IF(interventions!$A55<>"",interventions!$A55&"_cost","") | BD1: =IF(interventions!$A56<>"",interventions!$A56&"_cost","") | BE1: =IF(interventions!$A57<>"",interventions!$A57&"_cost","") | BF1: =IF(interventions!$A58<>"",interventions!$A58&"_cost","") | BG1: =IF(interventions!$A59<>"",interventions!$A59&"_cost","") | BH1: =IF(interventions!$A60<>"",interventions!$A60&"_cost","") | BI1: =IF(interventions!$A61<>"",interventions!$A61&"_cost","") | BJ1: =IF(interventions!$A62<>"",interventions!$A62&"_cost","") | BK1: =IF(interventions!$A63<>"",interventions!$A63&"_cost","") | BL1: =IF(interventions!$A64<>"",interventions!$A64&"_cost","") | BM1: =IF(interventions!$A65<>"",interventions!$A65&"_cost","") | BN1: =IF(interventions!$A66<>"",interventions!$A66&"_cost","") | BO1: =IF(interventions!$A67<>"",interventions!$A67&"_cost","") | BP1: =IF(interventions!$A68<>"",interventions!$A68&"_cost","") | BQ1: =IF(interventions!$A69<>"",interventions!$A69&"_cost","") | BR1: =IF(interventions!$A70<>"",interventions!$A70&"_cost","") | BS1: =IF(interventions!$A71<>"",interventions!$A71&"_cost","") | BT1: =IF(interventions!$A72<>"",interventions!$A72&"_cost","") | BU1: =IF(interventions!$A73<>"",interventions!$A73&"_cost","") | BV1: =IF(interventions!$A74<>"",interventions!$A74&"_cost","") | BW1: =IF(interventions!$A75<>"",interventions!$A75&"_cost","") | BX1: =IF(interventions!$A76<>"",interventions!$A76&"_cost","") | BY1: =IF(interventions!$A77<>"",interventions!$A77&"_cost","") | BZ1: =IF(interventions!$A78<>"",interventions!$A78&"_cost","") | CA1: =IF(interventions!$A79<>"",interventions!$A79&"_cost","") | CB1: =IF(interventions!$A80<>"",interventions!$A80&"_cost","") | CC1: =IF(interventions!$A81<>"",interventions!$A81&"_cost","") | CD1: =IF(interventions!$A82<>"",interventions!$A82&"_cost","") | CE1: =IF(interventions!$A83<>"",interventions!$A83&"_cost","") | CF1: =IF(interventions!$A84<>"",interventions!$A84&"_cost","") | CG1: =IF(interventions!$A85<>"",interventions!$A85&"_cost","") | CH1: =IF(interventions!$A86<>"",interventions!$A86&"_cost","") | CI1: =IF(interventions!$A87<>"",interventions!$A87&"_cost","") | CJ1: =IF(interventions!$A88<>"",interventions!$A88&"_cost","") | CK1: =IF(interventions!$A89<>"",interventions!$A89&"_cost","") | CL1: =IF(interventions!$A90<>"",interventions!$A90&"_cost","") | CM1: =IF(interventions!$A91<>"",interventions!$A91&"_cost","") | CN1: =IF(interventions!$A92<>"",interventions!$A92&"_cost","") | CO1: =IF(interventions!$A93<>"",interventions!$A93&"_cost","") | CP1: =IF(interventions!$A94<>"",interventions!$A94&"_cost","") | CQ1: =IF(interventions!$A95<>"",interventions!$A95&"_cost","") | CR1: =IF(interventions!$A96<>"",interventions!$A96&"_cost","") | CS1: =IF(interventions!$A97<>"",interventions!$A97&"_cost","") | CT1: =IF(interventions!$A98<>"",interventions!$A98&"_cost","") | CU1: =IF(interventions!$A99<>"",interventions!$A99&"_cost","") | CV1: =IF(interventions!$A100<>"",interventions!$A100&"_cost","") | CW1: =IF(interventions!$A101<>"",interventions!$A101&"_cost","") | CX1: =IF(interventions!$A102<>"",interventions!$A102&"_cost","") | CY1: =IF(interventions!$A103<>"",interventions!$A103&"_cost","") | CZ1: =IF(interventions!$A104<>"",interventions!$A104&"_cost","") | DA1: =IF(interventions!$A105<>"",interventions!$A105&"_cost","") | DB1: =IF(interventions!$A106<>"",interventions!$A106&"_cost","") | DC1: =IF(interventions!$A107<>"",interventions!$A107&"_cost","") | DD1: =IF(interventions!$A108<>"",interventions!$A108&"_cost","") | DE1: =IF(interventions!$A109<>"",interventions!$A109&"_cost","") | DF1: =IF(interventions!$A110<>"",interventions!$A110&"_cost","") | DG1: =IF(interventions!$A111<>"",interventions!$A111&"_cost","") | DH1: =IF(interventions!$A112<>"",interventions!$A112&"_cost","") | DI1: =IF(interventions!$A113<>"",interventions!$A113&"_cost","") | DJ1: =IF(interventions!$A114<>"",interventions!$A114&"_cost","") | DK1: =IF(interventions!$A115<>"",interventions!$A115&"_cost","") | DL1: =IF(interventions!$A116<>"",interventions!$A116&"_cost","") | DM1: =IF(interventions!$A117<>"",interventions!$A117&"_cost","") | DN1: =IF(interventions!$A118<>"",interventions!$A118&"_cost","") | DO1: =IF(interventions!$A119<>"",interventions!$A119&"_cost","") | DP1: =IF(interventions!$A120<>"",interventions!$A120&"_cost","") | DQ1: =IF(interventions!$A121<>"",interventions!$A121&"_cost","") | DR1: =IF(interventions!$A122<>"",interventions!$A122&"_cost","") | DS1: =IF(interventions!$A123<>"",interventions!$A123&"_cost","") | DT1: =IF(interventions!$A124<>"",interventions!$A124&"_cost","") | DU1: =IF(interventions!$A125<>"",interventions!$A125&"_cost","") | DV1: =IF(interventions!$A126<>"",interventions!$A126&"_cost","") | DW1: =IF(interventions!$A127<>"",interventions!$A127&"_cost","") | DX1: =IF(interventions!$A128<>"",interventions!$A128&"_cost","") | DY1: =IF(interventions!$A129<>"",interventions!$A129&"_cost","") | DZ1: =IF(interventions!$A130<>"",interventions!$A130&"_cost","") | EA1: =IF(interventions!$A131<>"",interventions!$A131&"_cost","") | EB1: =IF(interventions!$A132<>"",interventions!$A132&"_cost","") | EC1: =IF(interventions!$A133<>"",interventions!$A133&"_cost","") | ED1: =IF(interventions!$A134<>"",interventions!$A134&"_cost","") | EE1: =IF(interventions!$A135<>"",interventions!$A135&"_cost","") | EF1: =IF(interventions!$A136<>"",interventions!$A136&"_cost","") | EG1: =IF(interventions!$A137<>"",interventions!$A137&"_cost","") | EH1: =IF(interventions!$A138<>"",interventions!$A138&"_cost","") | EI1: =IF(interventions!$A139<>"",interventions!$A139&"_cost","") | EJ1: =IF(interventions!$A140<>"",interventions!$A140&"_cost","") | EK1: =IF(interventions!$A141<>"",interventions!$A141&"_cost","") | EL1: =IF(interventions!$A142<>"",interventions!$A142&"_cost","") | EM1: =IF(interventions!$A143<>"",interventions!$A143&"_cost","") | EN1: =IF(interventions!$A144<>"",interventions!$A144&"_cost","") | EO1: =IF(interventions!$A145<>"",interventions!$A145&"_cost","") | EP1: =IF(interventions!$A146<>"",interventions!$A146&"_cost","") | EQ1: =IF(interventions!$A147<>"",interventions!$A147&"_cost","") | ER1: =IF(interventions!$A148<>"",interventions!$A148&"_cost","") | ES1: =IF(interventions!$A149<>"",interventions!$A149&"_cost","") | ET1: =IF(interventions!$A150<>"",interventions!$A150&"_cost","") | EU1: =IF(interventions!$A151<>"",interventions!$A151&"_cost","") | EV1: =IF(interventions!$A152<>"",interventions!$A152&"_cost","") | EW1: =IF(interventions!$A153<>"",interventions!$A153&"_cost","") | EX1: =IF(interventions!$A154<>"",interventions!$A154&"_cost","") | EY1: =IF(interventions!$A155<>"",interventions!$A155&"_cost","") | EZ1: =IF(interventions!$A156<>"",interventions!$A156&"_cost","") | FA1: =IF(interventions!$A157<>"",interventions!$A157&"_cost","") | FB1: =IF(interventions!$A158<>"",interventions!$A158&"_cost","") | FC1: =IF(interventions!$A159<>"",interventions!$A159&"_cost","") | FD1: =IF(interventions!$A160<>"",interventions!$A160&"_cost","") | FE1: =IF(interventions!$A161<>"",interventions!$A161&"_cost","") | FF1: =IF(interventions!$A162<>"",interventions!$A162&"_cost","") | FG1: =IF(interventions!$A163<>"",interventions!$A163&"_cost","") | FH1: =IF(interventions!$A164<>"",interventions!$A164&"_cost","") | FI1: =IF(interventions!$A165<>"",interventions!$A165&"_cost","") | FJ1: =IF(interventions!$A166<>"",interventions!$A166&"_cost","") | FK1: =IF(interventions!$A167<>"",interventions!$A167&"_cost","") | FL1: =IF(interventions!$A168<>"",interventions!$A168&"_cost","") | FM1: =IF(interventions!$A169<>"",interventions!$A169&"_cost","") | FN1: =IF(interventions!$A170<>"",interventions!$A170&"_cost","") | FO1: =IF(interventions!$A171<>"",interventions!$A171&"_cost","") | FP1: =IF(interventions!$A172<>"",interventions!$A172&"_cost","") | FQ1: =IF(interventions!$A173<>"",interventions!$A173&"_cost","") | FR1: =IF(interventions!$A174<>"",interventions!$A174&"_cost","") | FS1: =IF(interventions!$A175<>"",interventions!$A175&"_cost","") | FT1: =IF(interventions!$A176<>"",interventions!$A176&"_cost","") | FU1: =IF(interventions!$A177<>"",interventions!$A177&"_cost","") | FV1: =IF(interventions!$A178<>"",interventions!$A178&"_cost","") | FW1: =IF(interventions!$A179<>"",interventions!$A179&"_cost","") | FX1: =IF(interventions!$A180<>"",interventions!$A180&"_cost","") | FY1: =IF(interventions!$A181<>"",interventions!$A181&"_cost","") | FZ1: =IF(interventions!$A182<>"",interventions!$A182&"_cost","") | GA1: =IF(interventions!$A183<>"",interventions!$A183&"_cost","") | GB1: =IF(interventions!$A184<>"",interventions!$A184&"_cost","") | GC1: =IF(interventions!$A185<>"",interventions!$A185&"_cost","") | GD1: =IF(interventions!$A186<>"",interventions!$A186&"_cost","") | GE1: =IF(interventions!$A187<>"",interventions!$A187&"_cost","") | GF1: =IF(interventions!$A188<>"",interventions!$A188&"_cost","") | GG1: =IF(interventions!$A189<>"",interventions!$A189&"_cost","") | GH1: =IF(interventions!$A190<>"",interventions!$A190&"_cost","") | GI1: =IF(interventions!$A191<>"",interventions!$A191&"_cost","") | GJ1: =IF(interventions!$A192<>"",interventions!$A192&"_cost","") | GK1: =IF(interventions!$A193<>"",interventions!$A193&"_cost","") | GL1: =IF(interventions!$A194<>"",interventions!$A194&"_cost","") | GM1: =IF(interventions!$A195<>"",interventions!$A195&"_cost","") | GN1: =IF(interventions!$A196<>"",interventions!$A196&"_cost","") | GO1: =IF(interventions!$A197<>"",interventions!$A197&"_cost","") | GP1: =IF(interventions!$A198<>"",interventions!$A198&"_cost","") | GQ1: =IF(interventions!$A199<>"",interventions!$A199&"_cost","") | GR1: =IF(interventions!$A200<>"",interventions!$A200&"_cost","") | GS1: =IF(interventions!$A201<>"",interventions!$A201&"_cost","") | GT1: =IF(interventions!$A202<>"",interventions!$A202&"_cost","") | GU1: =IF(interventions!$A203<>"",interventions!$A203&"_cost","") | GV1: =IF(interventions!$A204<>"",interventions!$A204&"_cost","") | GW1: =IF(interventions!$A205<>"",interventions!$A205&"_cost","") | GX1: =IF(interventions!$A206<>"",interventions!$A206&"_cost","") | GY1: =IF(interventions!$A207<>"",interventions!$A207&"_cost","") | GZ1: =IF(interventions!$A208<>"",interventions!$A208&"_cost","") | HA1: =IF(interventions!$A209<>"",interventions!$A209&"_cost","") | HB1: =IF(interventions!$A210<>"",interventions!$A210&"_cost","") | HC1: =IF(interventions!$A211<>"",interventions!$A211&"_cost","") | HD1: =IF(interventions!$A212<>"",interventions!$A212&"_cost","") | HE1: =IF(interventions!$A213<>"",interventions!$A213&"_cost","") | HF1: =IF(interventions!$A214<>"",interventions!$A214&"_cost","") | HG1: =IF(interventions!$A215<>"",interventions!$A215&"_cost","") | HH1: =IF(interventions!$A216<>"",interventions!$A216&"_cost","") | HI1: =IF(interventions!$A217<>"",interventions!$A217&"_cost","") | HJ1: =IF(interventions!$A218<>"",interventions!$A218&"_cost","") | HK1: =IF(interventions!$A219<>"",interventions!$A219&"_cost","") | HL1: =IF(interventions!$A220<>"",interventions!$A220&"_cost","") | HM1: =IF(interventions!$A221<>"",interventions!$A221&"_cost","") | HN1: =IF(interventions!$A222<>"",interventions!$A222&"_cost","") | HO1: =IF(interventions!$A223<>"",interventions!$A223&"_cost","") | HP1: =IF(interventions!$A224<>"",interventions!$A224&"_cost","") | HQ1: =IF(interventions!$A225<>"",interventions!$A225&"_cost","") | HR1: =IF(interventions!$A226<>"",interventions!$A226&"_cost","") | HS1: =IF(interventions!$A227<>"",interventions!$A227&"_cost","") | HT1: =IF(interventions!$A228<>"",interventions!$A228&"_cost","") | HU1: =IF(interventions!$A229<>"",interventions!$A229&"_cost","") | HV1: =IF(interventions!$A230<>"",interventions!$A230&"_cost","") | HW1: =IF(interventions!$A231<>"",interventions!$A231&"_cost","") | HX1: =IF(interventions!$A232<>"",interventions!$A232&"_cost","") | HY1: =IF(interventions!$A233<>"",interventions!$A233&"_cost","") | HZ1: =IF(interventions!$A234<>"",interventions!$A234&"_cost","") | IA1: =IF(interventions!$A235<>"",interventions!$A235&"_cost","") | IB1: =IF(interventions!$A236<>"",interventions!$A236&"_cost","") | IC1: =IF(interventions!$A237<>"",interventions!$A237&"_cost","") | ID1: =IF(interventions!$A238<>"",interventions!$A238&"_cost","") | IE1: =IF(interventions!$A239<>"",interventions!$A239&"_cost","") | IF1: =IF(interventions!$A240<>"",interventions!$A240&"_cost","") | IG1: =IF(interventions!$A241<>"",interventions!$A241&"_cost","") | IH1: =IF(interventions!$A242<>"",interventions!$A242&"_cost","") | II1: =IF(interventions!$A243<>"",interventions!$A243&"_cost","") | IJ1: =IF(interventions!$A244<>"",interventions!$A244&"_cost","") | IK1: =IF(interventions!$A245<>"",interventions!$A245&"_cost","") | IL1: =IF(interventions!$A246<>"",interventions!$A246&"_cost","") | IM1: =IF(interventions!$A247<>"",interventions!$A247&"_cost","") | IN1: =IF(interventions!$A248<>"",interventions!$A248&"_cost","") | IO1: =IF(interventions!$A249<>"",interventions!$A249&"_cost","") | IP1: =IF(interventions!$A250<>"",interventions!$A250&"_cost","") | IQ1: =IF(interventions!$A251<>"",interventions!$A251&"_cost","") | IR1: =IF(interventions!$A252<>"",interventions!$A252&"_cost","") | IS1: =IF(interventions!$A253<>"",interventions!$A253&"_cost","") | IT1: =IF(interventions!$A254<>"",interventions!$A254&"_cost","") | IU1: =IF(interventions!$A255<>"",interventions!$A255&"_cost","") | IV1: =IF(interventions!$A256<>"",interventions!$A256&"_cost","") | IW1: =IF(interventions!$A257<>"",interventions!$A257&"_cost","") | IX1: =IF(interventions!$A258<>"",interventions!$A258&"_cost","") | IY1: =IF(interventions!$A259<>"",interventions!$A259&"_cost","") | IZ1: =IF(interventions!$A260<>"",interventions!$A260&"_cost","") | JA1: =IF(interventions!$A261<>"",interventions!$A261&"_cost","") | JB1: =IF(interventions!$A262<>"",interventions!$A262&"_cost","") | JC1: =IF(interventions!$A263<>"",interventions!$A263&"_cost","") | JD1: =IF(interventions!$A264<>"",interventions!$A264&"_cost","") | JE1: =IF(interventions!$A265<>"",interventions!$A265&"_cost","") | JF1: =IF(interventions!$A266<>"",interventions!$A266&"_cost","") | JG1: =IF(interventions!$A267<>"",interventions!$A267&"_cost","") | JH1: =IF(interventions!$A268<>"",interventions!$A268&"_cost","") | JI1: =IF(interventions!$A269<>"",interventions!$A269&"_cost","") | JJ1: =IF(interventions!$A270<>"",interventions!$A270&"_cost","") | JK1: =IF(interventions!$A271<>"",interventions!$A271&"_cost","") | JL1: =IF(interventions!$A272<>"",interventions!$A272&"_cost","") | JM1: =IF(interventions!$A273<>"",interventions!$A273&"_cost","") | JN1: =IF(interventions!$A274<>"",interventions!$A274&"_cost","") | JO1: =IF(interventions!$A275<>"",interventions!$A275&"_cost","") | JP1: =IF(interventions!$A276<>"",interventions!$A276&"_cost","") | JQ1: =IF(interventions!$A277<>"",interventions!$A277&"_cost","") | JR1: =IF(interventions!$A278<>"",interventions!$A278&"_cost","") | JS1: =IF(interventions!$A279<>"",interventions!$A279&"_cost","") | JT1: =IF(interventions!$A280<>"",interventions!$A280&"_cost","") | JU1: =IF(interventions!$A281<>"",interventions!$A281&"_cost","") | JV1: =IF(interventions!$A282<>"",interventions!$A282&"_cost","") | JW1: =IF(interventions!$A283<>"",interventions!$A283&"_cost","") | JX1: =IF(interventions!$A284<>"",interventions!$A284&"_cost","") | JY1: =IF(interventions!$A285<>"",interventions!$A285&"_cost","") | JZ1: =IF(interventions!$A286<>"",interventions!$A286&"_cost","") | KA1: =IF(interventions!$A287<>"",interventions!$A287&"_cost","") | KB1: =IF(interventions!$A288<>"",interventions!$A288&"_cost","") | KC1: =IF(interventions!$A289<>"",interventions!$A289&"_cost","") | KD1: =IF(interventions!$A290<>"",interventions!$A290&"_cost","") | KE1: =IF(interventions!$A291<>"",interventions!$A291&"_cost","") | KF1: =IF(interventions!$A292<>"",interventions!$A292&"_cost","") | KG1: =IF(interventions!$A293<>"",interventions!$A293&"_cost","") | KH1: =IF(interventions!$A294<>"",interventions!$A294&"_cost","") | KI1: =IF(interventions!$A295<>"",interventions!$A295&"_cost","") | KJ1: =IF(interventions!$A296<>"",interventions!$A296&"_cost","")
A2: =IF(facility!$A2<>"",facility!$A2,"") -> Mt_Darwin | B2: ='implementation costs'!B2*0.03 -> 93 | C2: 0 | D2: ='implementation costs'!D2*0.03 -> 27 | E2: ='implementation costs'!E2*0.03 -> 57 | F2: ='implementation costs'!F2*0.03 -> 27 | G2: ='implementation costs'!G2*0.03 -> 23.4 | H2: ='implementation costs'!H2*0.03 -> 117 | I2: ='implementation costs'!I2*0.03 -> 234 | J2: 0 | K2: 0 | L2: 0 | M2: 0
A3: =IF(facility!$A3<>"",facility!$A3,"")
A4: =IF(facility!$A4<>"",facility!$A4,"")
A5: =IF(facility!$A5<>"",facility!$A5,"")
A6: =IF(facility!$A6<>"",facility!$A6,"")
A7: =IF(facility!$A7<>"",facility!$A7,"")
A8: =IF(facility!$A8<>"",facility!$A8,"")
A9: =IF(facility!$A9<>"",facility!$A9,"")
A10: =IF(facility!$A10<>"",facility!$A10,"")
A11: =IF(facility!$A11<>"",facility!$A11,"")
A12: =IF(facility!$A12<>"",facility!$A12,"")
A13: =IF(facility!$A13<>"",facility!$A13,"")
A14: =IF(facility!$A14<>"",facility!$A14,"")
... A309: =IF(facility!$A309<>"",facility!$A309,"")
